frame,scored,sim_time,min_distance_measured_mm,measured_collision,measured_margin_violation,modification_rad,fallback,total_safety_time_ms,q_nominal.right_wrist,q_nominal.right_thumb_mcp,q_nominal.right_thumb_abd,q_nominal.right_thumb_pip,q_nominal.right_thumb_dip,q_nominal.right_index_abd,q_nominal.right_index_mcp,q_nominal.right_index_pip,q_nominal.right_middle_abd,q_nominal.right_middle_mcp,q_nominal.right_middle_pip,q_nominal.right_ring_abd,q_nominal.right_ring_mcp,q_nominal.right_ring_pip,q_nominal.right_pinky_abd,q_nominal.right_pinky_mcp,q_nominal.right_pinky_pip,q_safe.right_wrist,q_safe.right_thumb_mcp,q_safe.right_thumb_abd,q_safe.right_thumb_pip,q_safe.right_thumb_dip,q_safe.right_index_abd,q_safe.right_index_mcp,q_safe.right_index_pip,q_safe.right_middle_abd,q_safe.right_middle_mcp,q_safe.right_middle_pip,q_safe.right_ring_abd,q_safe.right_ring_mcp,q_safe.right_ring_pip,q_safe.right_pinky_abd,q_safe.right_pinky_mcp,q_safe.right_pinky_pip,q_measured.right_wrist,q_measured.right_thumb_mcp,q_measured.right_thumb_abd,q_measured.right_thumb_pip,q_measured.right_thumb_dip,q_measured.right_index_abd,q_measured.right_index_mcp,q_measured.right_index_pip,q_measured.right_middle_abd,q_measured.right_middle_mcp,q_measured.right_middle_pip,q_measured.right_ring_abd,q_measured.right_ring_mcp,q_measured.right_ring_pip,q_measured.right_pinky_abd,q_measured.right_pinky_mcp,q_measured.right_pinky_pip
0,True,0.01,6.228385962484579,False,False,0.0,False,,-0.15,0.0,-0.73304,-0.58496,-0.50477,-0.4,0.0,0.0,0.0,0.0,0.0,0.17,0.0,0.0,0.52333,0.0,0.0,-0.15,0.0,-0.73304,-0.58496,-0.50477,-0.4,0.0,0.0,0.0,0.0,0.0,0.17,0.0,0.0,0.52333,0.0,0.0,-0.1504636294717452,-0.00024913347586931196,-0.733488708629297,-0.5851219546970908,-0.5047744998339302,-0.40023331337118867,-2.4794459782912207e-05,-1.2086908669606811e-06,1.9421818310665445e-08,-3.829584200719741e-05,-1.202505450442284e-06,0.170156837943458,-2.8209428762938118e-05,-1.017519327709447e-06,0.5236657896662829,-6.383528447448374e-07,-2.4370657384594807e-07
1,True,0.020000000000000004,6.229846879086871,False,False,0.0,False,,-0.15,0.0129436346275942,-0.7238120330558719,-0.5707617733627711,-0.46764814561317886,-0.3976359491569414,0.03266309595990581,0.009206706805138559,0.0,0.0,0.0,0.17,0.0,0.0,0.52333,0.0,0.0,-0.15,0.0129436346275942,-0.7238120330558719,-0.5707617733627711,-0.46764814561317886,-0.3976359491569414,0.03266309595990581,0.009206706805138559,0.0,0.0,0.0,0.17,0.0,0.0,0.52333,0.0,0.0,-0.1514841782643708,0.00011920180724580488,-0.7337333529494654,-0.58445395086622,-0.501940422667983,-0.4004902388417255,0.0023562547767014465,0.0006413500680730198,5.530579158955926e-08,-8.136833722841878e-05,-3.3327763890897667e-06,0.17044887325748667,-5.547291173347095e-05,-2.817768458781237e-06,0.5242834211853107,-1.8134309939171626e-06,-6.747323493988203e-07
2,True,0.030000000000000013,6.231461254628852,False,False,0.0,False,,-0.15,0.0258872692551884,-0.7145840661117439,-0.5565635467255422,-0.43052629122635766,-0.39527189831388276,0.06532619191981162,0.018413413610277117,0.0,0.0,0.0,0.17,0.0,0.0,0.52333,0.0,0.0,-0.15,0.0258872692551884,-0.7145840661117439,-0.5565635467255422,-0.43052629122635766,-0.39527189831388276,0.06532619191981162,0.018413413610277117,0.0,0.0,0.0,0.17,0.0,0.0,0.52333,0.0,0.0,-0.15284021329850195,0.002073173269011843,-0.7328992084772157,-0.5819662760291211,-0.4939767855387319,-0.40054351093141827,0.009185629294623653,0.0025079404099295445,9.705800015044795e-08,-0.00010581045680876962,-5.627280798262958e-06,0.17077187004514796,-7.062201034431441e-05,-4.750462420230736e-06,0.5249589165568396,-2.9326263611862235e-06,-1.077239805832042e-06
3,True,0.04000000000000002,6.232975878114562,False,False,0.0,False,,-0.15,0.038830903882782604,-0.7053560991676158,-0.5423653200883132,-0.3934044368395364,-0.3929078474708242,0.09798928787971745,0.027620120415415676,0.0,0.0,0.0,0.17,0.0,0.0,0.52333,0.0,0.0,-0.15,0.038830903882782604,-0.7053560991676158,-0.5423653200883132,-0.3934044368395364,-0.3929078474708242,0.09798928787971745,0.027620120415415676,0.0,0.0,0.0,0.17,0.0,0.0,0.52333,0.0,0.0,-0.15438362701682487,0.005928811830941412,-0.73067254219327,-0.5773881640469019,-0.48051888322273034,-0.4002784371990237,0.02085478180040838,0.005733118547283792,1.4059874275535647e-07,-0.00011939221472875401,-7.73744451021747e-06,0.17107518174177944,-8.001107439897968e-05,-6.504685270561192e-06,0.5255873752744166,-3.5711498123784847e-06,-1.3116224197541843e-06
4,True,0.05000000000000003,6.234286732819662,False,False,0.0,False,,-0.15,0.0517745385103768,-0.6961281322234878,-0.5281670934510843,-0.35628258245271527,-0.39054379662776556,0.13065238383962324,0.036826827220554234,0.0,0.0,0.0,0.17,0.0,0.0,0.52333,0.0,0.0,-0.15,0.0517745385103768,-0.6961281322234878,-0.5281670934510843,-0.35628258245271527,-0.39054379662776556,0.13065238383962324,0.036826827220554234,0.0,0.0,0.0,0.17,0.0,0.0,0.52333,0.0,0.0,-0.15600804535459922,0.011628386868762679,-0.7270640504195738,-0.5708316943943409,-0.46206145573735347,-0.39964196956846976,0.036977735112537095,0.010219867736310525,1.8436267537241615e-07,-0.00012774789448968024,-9.525043575621863e-06,0.1713379011991027,-8.623412934467842e-05,-7.956354548198837e-06,0.5261277709964575,-3.5432305035828675e-06,-1.3206596977583608e-06
5,True,0.06000000000000004,6.235368285895309,False,False,0.0,False,,-0.15,0.064718173137971,-0.6869001652793597,-0.5139688668138553,-0.319160728065894,-0.38817974578470693,0.16331547979952904,0.04603353402569279,0.0,0.0,0.0,0.17,0.0,0.0,0.52333,0.0,0.0,-0.15,0.064718173137971,-0.6869001652793597,-0.5139688668138553,-0.319160728065894,-0.38817974578470693,0.16331547979952904,0.04603353402569279,0.0,0.0,0.0,0.17,0.0,0.0,0.52333,0.0,0.0,-0.15763520723058735,0.01894790451642014,-0.7222287479343491,-0.5625644158496402,-0.439390173440863,-0.39865130725065356,0.056884617048864515,0.015783912529652628,2.277549498267119e-07,-0.0001331640536501733,-1.0961956523241561e-05,0.1715548136995537,-9.038863918233425e-05,-9.082097878948465e-06,0.5265715792727232,-2.823073972207424e-06,-1.099331720555763e-06
6,True,0.07000000000000005,6.23623309377966,False,False,0.0,False,,-0.15,0.07766180776556521,-0.6776721983352316,-0.4997706401766264,-0.2820388736790728,-0.3858156949416483,0.1959785757594349,0.05524024083083135,0.0,0.0,0.0,0.17,0.0,0.0,0.52333,0.0,0.0,-0.15,0.07766180776556521,-0.6776721983352316,-0.4997706401766264,-0.2820388736790728,-0.3858156949416483,0.1959785757594349,0.05524024083083135,0.0,0.0,0.0,0.17,0.0,0.0,0.52333,0.0,0.0,-0.15920802194560305,0.027611132715218506,-0.7163692278524645,-0.5528924158214411,-0.4133169399804706,-0.3973526347818318,0.07986193932508143,0.022224815248780946,2.705550641000555e-07,-0.00013667311116062806,-1.2073640698758375e-05,0.17172835359830613,-9.30332889705289e-05,-9.906916956211971e-06,0.5269254394834472,-1.4703145449383627e-06,-6.696599111589405e-07
7,True,0.08000000000000006,6.2369095259251175,False,False,0.0,False,,-0.15,0.0906054423931594,-0.6684442313911035,-0.4855724135393975,-0.24491701929225163,-0.3834516440985897,0.2286416717193407,0.0644469476359699,0.0,0.0,0.0,0.17,0.0,0.0,0.52333,0.0,0.0,-0.15,0.0906054423931594,-0.6684442313911035,-0.4855724135393975,-0.24491701929225163,-0.3834516440985897,0.2286416717193407,0.0644469476359699,0.0,0.0,0.0,0.17,0.0,0.0,0.52333,0.0,0.0,-0.16068626976213887,0.03734772495286387,-0.7096871045508469,-0.5421047971477226,-0.38456936687464177,-0.3957997650545409,0.10525889903979475,0.029357980398459323,3.1268662055323237e-07,-0.00013882746841315676,-1.2907715680866656e-05,0.17186415229393084,-9.452421867017488e-05,-1.0475591957336832e-05,0.527201902709355,4.180531613290435e-07,-6.507790449851381e-08
8,True,0.09000000000000007,6.237430057658396,False,False,0.0,False,,-0.15,0.1035490770207536,-0.6592162644469755,-0.4713741869021686,-0.20779516490543043,-0.3810875932555311,0.2613047676792465,0.07365365444110847,0.0,0.0,0.0,0.17,0.0,0.0,0.52333,0.0,0.0,-0.15,0.1035490770207536,-0.6592162644469755,-0.4713741869021686,-0.20779516490543043,-0.3810875932555311,0.2613047676792465,0.07365365444110847,0.0,0.0,0.0,0.17,0.0,0.0,0.52333,0.0,0.0,-0.1620435279326407,0.04791920296724732,-0.702361443072023,-0.5304512127531146,-0.3537557266938849,-0.3940439178965676,0.1325251209107892,0.03702644727652071,3.5412842486802836e-07,-0.00013998191173386846,-1.3517423015312789e-05,0.17196868838635793,-9.512883795361717e-05,-1.083774771636345e-05,0.5274147412528495,2.735370854107204e-06,6.783966901629184e-07
9,True,0.10000000000000007,6.237825577225089,False,False,0.0,False,,-0.15,0.11649271164834779,-0.6499882975028474,-0.4571759602649397,-0.17067331051860923,-0.37872354241247247,0.2939678636391523,0.08286036124624702,0.0,0.0,0.0,0.17,0.0,0.0,0.52333,0.0,0.0,-0.15,0.11649271164834779,-0.6499882975028474,-0.4571759602649397,-0.17067331051860923,-0.37872354241247247,0.2939678636391523,0.08286036124624702,0.0,0.0,0.0,0.17,0.0,0.0,0.52333,0.0,0.0,-0.16326466862828265,0.05912736149742374,-0.6945416207660438,-0.5181363894983474,-0.32136465900912603,-0.3921295163350586,0.16121519562513673,0.04510277113995606,3.9488019622822765e-07,-0.00014039587882377964,-1.3953472917399923e-05,0.1720481392024721,-9.506318400761262e-05,-1.1040520445663353e-05,0.5275767699178511,5.3798293884896876e-06,1.5267246026549373e-06
10,True,0.11000000000000008,6.238123005587663,False,False,0.0,False,,-0.15,0.129436346275942,-0.6407603305587193,-0.4429777336277107,-0.13355145613178804,-0.37635949156941384,0.3266309595990581,0.09206706805138558,0.0,0.0,0.0,0.17,0.0,0.0,0.52333,0.0,0.0,-0.15,0.129436346275942,-0.6407603305587193,-0.4429777336277107,-0.13355145613178804,-0.37635949156941384,0.3266309595990581,0.09206706805138558,0.0,0.0,0.0,0.17,0.0,0.0,0.52333,0.0,0.0,-0.1643436560684938,0.07081372657737255,-0.6863474323578665,-0.5053226981834555,-0.28777902807805716,-0.39009310263657987,0.1909786843705416,0.05348648434536622,4.349493820003001e-07,-0.00014027129720529014,-1.4260460669537023e-05,0.17210789700265203,-9.45046572821178e-05,-1.1125343214991739e-05,0.5276990036464628,8.261164345664979e-06,2.4499159759131727e-06
11,True,0.12000000000000009,6.238344656756002,False,False,0.0,False,,-0.15,0.14237998090353618,-0.6315323636145913,-0.4287795069904818,-0.09642960174496684,-0.3739954407263552,0.3592940555589639,0.10127377485652413,0.0,0.0,0.0,0.17,0.0,0.0,0.52333,0.0,0.0,-0.15,0.14237998090353618,-0.6315323636145913,-0.4287795069904818,-0.09642960174496684,-0.3739954407263552,0.3592940555589639,0.10127377485652413,0.0,0.0,0.0,0.17,0.0,0.0,0.52333,0.0,0.0,-0.1652815523374062,0.082855000647799,-0.6778724113144052,-0.4921359763337978,-0.2532939158966227,-0.38796373756743235,0.22154512940278143,0.06209996472570424,4.743461248794206e-07,-0.0001397680827990679,-1.4475691480608832e-05,0.172152435976716,-9.35976579470612e-05,-1.1126899198605327e-05,0.527790489733096,1.1302998262566772e-05,3.422724180660238e-06
12,True,0.1300000000000001,6.238508444894582,False,False,0.0,False,,-0.15,0.15532361553113042,-0.6223043966704632,-0.4145812803532528,-0.05930774735814559,-0.3716313898832966,0.3919571515188698,0.1104804816616627,0.0,0.0,0.0,0.17,0.0,0.0,0.52333,0.0,0.0,-0.15,0.15532361553113042,-0.6223043966704632,-0.4145812803532528,-0.05930774735814559,-0.3716313898832966,0.3919571515188698,0.1104804816616627,0.0,0.0,0.0,0.17,0.0,0.0,0.52333,0.0,0.0,-0.16608472096472104,0.09515717847175931,-0.6691881925910664,-0.4786721229259483,-0.21813420197529496,-0.38576400452093496,0.25270864313530655,0.07088409658291456,5.130813722397585e-07,-0.00013901211790846315,-1.462921607838115e-05,0.172185350760776,-9.245753107221654e-05,-1.1073165371781814e-05,0.5278584511069502,1.4442911964436906e-05,4.424623198622056e-06
13,True,0.1400000000000001,6.238628446399476,False,False,0.0,False,,-0.15,0.16826725015872462,-0.6130764297263351,-0.4003830537160239,-0.022185892971324395,-0.36926733904023795,0.4246202474787756,0.11968718846680126,0.0,0.0,0.0,0.17,0.0,0.0,0.52333,0.0,0.0,-0.15,0.16826725015872462,-0.6130764297263351,-0.4003830537160239,-0.022185892971324395,-0.36926733904023795,0.4246202474787756,0.11968718846680126,0.0,0.0,0.0,0.17,0.0,0.0,0.52333,0.0,0.0,-0.16676323926894462,0.10764970598262626,-0.6603488771710251,-0.4650033106806282,-0.18246991923743014,-0.3835111767947042,0.28431406234766593,0.07979433316627392,5.51166188936778e-07,-0.00013810075822428248,-1.4744444904990492e-05,0.17220946740952592,-9.117427503074818e-05,-1.0985978634850146e-05,0.5279085480613471,1.7631394008360946e-05,5.4394316286925925e-06
14,True,0.1500000000000001,6.238715558564681,False,False,0.0,False,,-0.15,0.1812108847863188,-0.603848462782207,-0.386184827078795,0.014935961415496801,-0.3669032881971793,0.4572833434386814,0.1288938952719398,0.0,0.0,0.0,0.17,0.0,0.0,0.52333,0.0,0.0,-0.15,0.1812108847863188,-0.603848462782207,-0.386184827078795,0.014935961415496801,-0.3669032881971793,0.4572833434386814,0.1288938952719398,0.0,0.0,0.0,0.17,0.0,0.0,0.52333,0.0,0.0,-0.16732953465587672,0.1202802894365879,-0.6513948919629688,-0.4511833354260774,-0.1464289122365393,-0.38121831392751676,0.3162453402065079,0.08879737126288124,5.886115238145751e-07,-0.00013710740300547602,-1.4838995026759032e-05,0.17222697456494612,-8.981618670989193e-05,-1.0881812845244679e-05,0.5279451616682057,2.083032136462528e-05,6.454789530130836e-06
15,True,0.16000000000000011,6.238779195437519,False,False,0.0,False,,-0.15,0.194154519413913,-0.594620495838079,-0.37198660044156606,0.05205781580231794,-0.36453923735412075,0.4899464393985872,0.13810060207707836,0.0,0.0,0.0,0.17,0.0,0.0,0.52333,0.0,0.0,-0.15,0.194154519413913,-0.594620495838079,-0.37198660044156606,0.05205781580231794,-0.36453923735412075,0.4899464393985872,0.13810060207707836,0.0,0.0,0.0,0.17,0.0,0.0,0.52333,0.0,0.0,-0.16779724957930148,0.1330105631705908,-0.6423562097929196,-0.437251993270538,-0.11010692057675767,-0.37889521415042804,0.3484161851101258,0.09786846479962494,6.254281416750841e-07,-0.00013608558807093882,-1.4925600738514859e-05,0.17223976362683066,-8.843338576717867e-05,-1.0772614322335507e-05,0.527971654771744,2.4011292184690757e-05,7.461590264558627e-06
16,True,0.17000000000000012,6.23883063982242,False,False,0.0,False,,-0.15,0.2070981540415072,-0.5853925288939509,-0.3577883738043371,0.08917967018913919,-0.3621751865110621,0.522609535358493,0.14730730888221694,0.0,0.0,0.0,0.17,0.0,0.0,0.52333,0.0,0.0,-0.15,0.2070981540415072,-0.5853925288939509,-0.3577883738043371,0.08917967018913919,-0.3621751865110621,0.522609535358493,0.14730730888221694,0.0,0.0,0.0,0.17,0.0,0.0,0.52333,0.0,0.0,-0.16818033056229215,0.14581262205649065,-0.6332549299241883,-0.4232385571403737,-0.07357543660510917,-0.3765491906238389,0.3807627193727265,0.10698930979651544,6.616266114257692e-07,-0.0001350726786908638,-1.5012997288342751e-05,0.1722501021985722,-8.706110081644541e-05,-1.0666613475225791e-05,0.5279905941256502,2.7153986729074264e-05,8.45342373215829e-06
17,True,0.18000000000000013,6.23887689384864,False,False,0.0,False,,-0.15,0.2200417886691014,-0.5761645619498228,-0.3435901471671082,0.12630152457596033,-0.3598111356680035,0.5552726313183988,0.15651401568735548,0.0,0.0,0.0,0.17,0.0,0.0,0.52333,0.0,0.0,-0.15,0.2200417886691014,-0.5761645619498228,-0.3435901471671082,0.12630152457596033,-0.3598111356680035,0.5552726313183988,0.15651401568735548,0.0,0.0,0.0,0.17,0.0,0.0,0.52333,0.0,0.0,-0.16849233525850385,0.15866631514563662,-0.6241072687137517,-0.40916445984781036,-0.036887738368268655,-0.3741856822379479,0.41323781636714774,0.11614641574886256,6.97217310062038e-07,-0.0001340930616307796,-1.5106711772931361e-05,0.17225939770350443,-8.572255345545291e-05,-1.0569052680397418e-05,0.5280042403046082,3.0244691175241116e-05,9.42607416969547e-06
18,True,0.19000000000000014,6.23892069290488,False,False,0.0,False,,-0.15,0.23298542329669558,-0.5669365950056948,-0.32939192052987926,0.16342337896278158,-0.35744708482494486,0.5879357272783046,0.16572072249249403,0.0,0.0,0.0,0.17,0.0,0.0,0.52333,0.0,0.0,-0.15,0.23298542329669558,-0.5669365950056948,-0.32939192052987926,0.16342337896278158,-0.35744708482494486,0.5879357272783046,0.16572072249249403,0.0,0.0,0.0,0.17,0.0,0.0,0.52333,0.0,0.0,-0.16874592388554255,0.17155718275741114,-0.6149250935224823,-0.395045342828125,-8.347551351441306e-05,-0.3718087337091043,0.4458067919398524,0.12532986275472904,7.322104299562727e-07,-0.00013316105752719185,-1.5209791149661531e-05,0.17226819996886877,-8.443161354845925e-05,-1.04828579419586e-05,0.5280151219675848,3.327491441544402e-05,1.0377051929476741e-05
19,True,0.20000000000000015,6.238963099328358,False,False,0.0,False,,-0.15,0.2459290579242898,-0.5577086280615667,-0.3151936938926503,0.20054523334960273,-0.35508303398188623,0.6205988232382104,0.17492742929763258,0.0,0.0,0.0,0.17,0.0,0.0,0.52333,0.0,0.0,-0.15,0.2459290579242898,-0.5577086280615667,-0.3151936938926503,0.20054523334960273,-0.35508303398188623,0.6205988232382104,0.17492742929763258,0.0,0.0,0.0,0.17,0.0,0.0,0.52333,0.0,0.0,-0.16895253324027049,0.1844749051798472,-0.6057170640790166,-0.38089258987261376,0.03680787239044865,-0.3694213545282634,0.47844415881575164,0.13453236820530842,7.666159842604855e-07,-0.00013228315491633388,-1.532337315730674e-05,0.17227672252979156,-8.319484446951488e-05,-1.0409166532433461e-05,0.5280248201712338,3.624030573814752e-05,1.1305223751393647e-05
20,True,0.21000000000000016,6.239004530759223,False,False,0.0,False,,-0.15,0.258872692551884,-0.5484806611174387,-0.30099546725542137,0.23766708773642398,-0.35271898313882766,0.6532619191981162,0.18413413610277116,0.0,0.0,0.0,0.17,0.0,0.0,0.52333,0.0,0.0,-0.15,0.258872692551884,-0.5484806611174387,-0.30099546725542137,0.23766708773642398,-0.35271898313882766,0.6532619191981162,0.18413413610277116,0.0,0.0,0.0,0.17,0.0,0.0,0.52333,0.0,0.0,-0.16912217728720103,0.19741215006295856,-0.5964894941656044,-0.3667144753094923,0.07376439579359963,-0.3670257853239754,0.5111311968203621,0.14374858807008786,8.004438123684463e-07,-0.00013146019322863995,-1.5447233147375165e-05,0.1722850493296997,-8.201350975960981e-05,-1.0347833335943304e-05,0.5280339590596315,3.913957821251785e-05,1.2210450929575874e-05
21,True,0.22000000000000017,6.239045156567059,False,False,0.0,False,,-0.15,0.2718163271794782,-0.5392526941733106,-0.28679724061819245,0.2747889421232451,-0.35035493229576903,0.685925015158022,0.1933408429079097,0.0,0.0,0.0,0.17,0.0,0.0,0.52333,0.0,0.0,-0.15,0.2718163271794782,-0.5392526941733106,-0.28679724061819245,0.2747889421232451,-0.35035493229576903,0.685925015158022,0.1933408429079097,0.0,0.0,0.0,0.17,0.0,0.0,0.52333,0.0,0.0,-0.16926335822408548,0.21036372888206917,-0.5872469769719687,-0.3525170090568416,0.110769813988896,-0.36462370396918103,0.5438541603446418,0.15297459645193212,8.337035847360301e-07,-0.0001306891958308323,-1.558024275139821e-05,0.17229321440555026,-8.088526367164566e-05,-1.0297856570114558e-05,0.5280427826754178,4.197359168919267e-05,1.3093282092685875e-05
22,True,0.23000000000000018,6.239085050566257,False,False,0.0,False,,-0.15,0.28475996180707236,-0.5300247272291825,-0.27259901398096353,0.31191079651006637,-0.3479908814527104,0.7185881111179278,0.20254754971304825,0.0,0.0,0.0,0.17,0.0,0.0,0.52333,0.0,0.0,-0.15,0.28475996180707236,-0.5300247272291825,-0.27259901398096353,0.31191079651006637,-0.3479908814527104,0.7185881111179278,0.20254754971304825,0.0,0.0,0.0,0.17,0.0,0.0,0.52333,0.0,0.0,-0.16938307244788134,0.22332598500310927,-0.5779928506650764,-0.3383045537840435,0.147812025299526,-0.3622163702686424,0.5766029416005328,0.16220750581985982,8.66404806989286e-07,-0.00012996475404680874,-1.5720718794984666e-05,0.1723012325858693,-7.980543257274294e-05,-1.025770267631385e-05,0.5280513879394351,4.474464729035889e-05,1.3954716346922572e-05
23,True,0.24000000000000019,6.239124249740546,False,False,0.0,False,,-0.15,0.2977035964346666,-0.5207967602850545,-0.25840078734373456,0.3490326508968875,-0.34562683060965177,0.7512512070778335,0.2117542565181868,0.0,0.0,0.0,0.17,0.0,0.0,0.52333,0.0,0.0,-0.15,0.2977035964346666,-0.5207967602850545,-0.25840078734373456,0.3490326508968875,-0.34562683060965177,0.7512512070778335,0.2117542565181868,0.0,0.0,0.0,0.17,0.0,0.0,0.52333,0.0,0.0,-0.16948688433485545,0.23629634453624263,-0.5687295455193883,-0.32408028447844495,0.18488202513316715,-0.3598047380304664,0.609370085161728,0.17144518497064495,8.985568240034056e-07,-0.00012928011744548122,-1.58666967542869e-05,0.17230911129559803,-7.876802837052029e-05,-1.0225561766598522e-05,0.5280598148079727,4.7455920885862085e-05,1.4796014086706718e-05
24,True,0.25000000000000017,6.239162776759171,False,False,0.0,False,,-0.15,0.31064723106226083,-0.5115687933409263,-0.2442025607065056,0.38615450528370887,-0.34326277976659314,0.7839143030377396,0.2209609633233254,0.0,0.0,0.0,0.17,0.0,0.0,0.52333,0.0,0.0,-0.15,0.31064723106226083,-0.5115687933409263,-0.2442025607065056,0.38615450528370887,-0.34326277976659314,0.7839143030377396,0.2209609633233254,0.0,0.0,0.0,0.17,0.0,0.0,0.52333,0.0,0.0,-0.16957904777850266,0.24927299829566707,-0.5594588216908948,-0.30984651599100155,0.22197310939354417,-0.3573895341143418,0.6421500690167892,0.180686051042993,9.301688239576123e-07,-0.00012862801498225645,-1.6016135471770104e-05,0.17231685508240516,-7.776651542293635e-05,-1.0199539625119393e-05,0.5280680811330862,5.011102632460122e-05,1.561855202369414e-05
25,True,0.2600000000000002,6.23920064855548,False,False,0.0,False,,-0.15,0.323590865689855,-0.5023408263967983,-0.23000433406927667,0.4232763596705301,-0.34089872892353457,0.8165773989976454,0.23016767012846395,0.0,0.0,0.0,0.17,0.0,0.0,0.52333,0.0,0.0,-0.15,0.323590865689855,-0.5023408263967983,-0.23000433406927667,0.4232763596705301,-0.34089872892353457,0.8165773989976454,0.23016767012846395,0.0,0.0,0.0,0.17,0.0,0.0,0.52333,0.0,0.0,-0.16966265615258122,0.2622546779922351,-0.5501819579437588,-0.29560494682714133,0.2590802772222306,-0.35497131350697364,0.6749387747108495,0.18992892240403428,9.612498424360991e-07,-0.0001280012817542275,-1.6167070778419542e-05,0.17232446734123733,-7.679439879942813e-05,-1.0177802403447464e-05,0.5280761961182102,5.271367415837553e-05,1.642371127361871e-05
26,True,0.2700000000000002,6.239237879567681,False,False,0.0,False,,-0.15,0.33653450031744925,-0.49311285945267025,-0.21580610743204776,0.46039821405735126,-0.33853467808047594,0.8492404949575512,0.23937437693360253,0.0,0.0,0.0,0.17,0.0,0.0,0.52333,0.0,0.0,-0.15,0.33653450031744925,-0.49311285945267025,-0.21580610743204776,0.46039821405735126,-0.33853467808047594,0.8492404949575512,0.23937437693360253,0.0,0.0,0.0,0.17,0.0,0.0,0.52333,0.0,0.0,-0.16973980697843635,0.2752404885313458,-0.5408998788760789,-0.2813568311467352,0.2961997870986712,-0.3525505082440111,0.7077331148243362,0.1991729087363287,9.918087663667845e-07,-0.0001273933014354384,-1.631772186685723e-05,0.17233195096578713,-7.584564254830966e-05,-1.0158677459216729e-05,0.5280841655005375,5.5267422456607455e-05,1.7212796758941776e-05
27,True,0.2800000000000002,6.23927448295185,False,False,0.0,False,,-0.15,0.34947813494504343,-0.48388489250854216,-0.20160788079481878,0.4975200684441724,-0.3361706272374173,0.881903590917457,0.24858108373874108,0.0,0.0,0.0,0.17,0.0,0.0,0.52333,0.0,0.0,-0.15,0.34947813494504343,-0.48388489250854216,-0.20160788079481878,0.4975200684441724,-0.3361706272374173,0.881903590917457,0.24858108373874108,0.0,0.0,0.0,0.17,0.0,0.0,0.52333,0.0,0.0,-0.16981177050759047,0.2882297943971206,-0.5316132571602984,-0.26710310490906364,0.33332882716989487,-0.35012745617660146,0.740530751983313,0.20841733016772138,1.0218543376495758e-06,-0.0001267982881125975,-1.646655695746544e-05,0.172339308592356,-7.491493938080156e-05,-1.014071631603441e-05,0.5280919935432009,5.7775509136718315e-05,1.7986984088365823e-05
28,True,0.2900000000000002,6.239310471034297,False,False,0.0,False,,-0.15,0.3624217695726376,-0.4746569255644141,-0.18740965415758987,0.5346419228309937,-0.3338065763943587,0.9145666868773628,0.2577877905438796,0.0,0.0,0.0,0.17,0.0,0.0,0.52333,0.0,0.0,-0.15,0.3624217695726376,-0.4746569255644141,-0.18740965415758987,0.5346419228309937,-0.3338065763943587,0.9145666868773628,0.2577877905438796,0.0,0.0,0.0,0.17,0.0,0.0,0.52333,0.0,0.0,-0.16987915333081055,0.30122214245874235,-0.5223225863554369,-0.2528444786092908,0.37046527769386284,-0.3477024281424136,0.7733298938462198,0.2176616631942972,1.0513951564264601e-06,-0.00012621144506275462,-1.6612327723516188e-05,0.17234654269076943,-7.399786602451416e-05,-1.0122728450030762e-05,0.5280996838013194,6.024074811249604e-05,1.8747287913890884e-05
29,True,0.3000000000000002,6.239345855486424,False,False,0.0,False,,-0.15,0.3753654042002318,-0.465428958620286,-0.17321142752036095,0.5717637772178149,-0.33144252555130005,0.9472297828372686,0.2669944973490182,0.0,0.0,0.0,0.17,0.0,0.0,0.52333,0.0,0.0,-0.15,0.3753654042002318,-0.465428958620286,-0.17321142752036095,0.5717637772178149,-0.33144252555130005,0.9472297828372686,0.2669944973490182,0.0,0.0,0.0,0.17,0.0,0.0,0.52333,0.0,0.0,-0.16994205065344942,0.3142171995152488,-0.5130282296908673,-0.23858150302574738,0.4076075269310298,-0.3452756448938195,0.8061291486992886,0.22690549883550906,1.080439683972001e-06,-0.00012562902968147582,-1.6754080007037134e-05,0.17235365559951413,-7.309095096444646e-05,-1.0103792847230124e-05,0.5281072394202202,6.266547528264809e-05,1.9494546966958976e-05
30,True,0.3100000000000002,6.239380647405888,False,False,0.0,False,,-0.15,0.388309038827826,-0.45620099167615796,-0.15901320088313203,0.6088856316046359,-0.3290784747082415,0.9798928787971743,0.2762012041541567,0.0,0.0,0.0,0.17,0.0,0.0,0.52333,0.0,0.0,-0.15,0.388309038827826,-0.45620099167615796,-0.15901320088313203,0.6088856316046359,-0.3290784747082415,0.9798928787971743,0.2762012041541567,0.0,0.0,0.0,0.17,0.0,0.0,0.52333,0.0,0.0,-0.1700001833291026,0.327214713463463,-0.5037304644120582,-0.22431461696664234,0.44475434341587033,-0.34284728671575193,0.8389274165631703,0.2361485122360116,1.1089962451986198e-06,-0.0001250483434444581,-1.6891145966290573e-05,0.1723606495420402,-7.219167189898499e-05,-1.0083252087722043e-05,0.5281146632583589,6.505153514717573e-05,2.022942250769342e-05
31,True,0.32000000000000023,6.239414857367378,False,False,0.0,False,,-0.15,0.40125267345542015,-0.44697302473202993,-0.14481497424590317,0.646007485991457,-0.32671442386518285,1.01255597475708,0.28540791095929524,0.0,0.0,0.0,0.17,0.0,0.0,0.52333,0.0,0.0,-0.15,0.40125267345542015,-0.44697302473202993,-0.14481497424590317,0.646007485991457,-0.32671442386518285,1.01255597475708,0.28540791095929524,0.0,0.0,0.0,0.17,0.0,0.0,0.52333,0.0,0.0,-0.17005301696068648,0.34021448933989185,-0.494429509271684,-0.2100441817148745,0.481904768266852,-0.3404175091188495,0.8717238238768099,0.24539043919170292,1.137073030851713e-06,-0.00012446767566547928,-1.7023124763549856e-05,0.1723675266369417,-7.129840938698284e-05,-1.0060695541044707e-05,0.5281219579446841,6.740029384987335e-05,2.0952405458160667e-05
32,True,0.33000000000000024,6.239448495471385,False,False,0.0,False,,-0.15,0.4141963080830144,-0.4377450577879018,-0.13061674760867414,0.6831293403782784,-0.3243503730221242,1.045219070716986,0.2946146177644339,0.0,0.0,0.0,0.17,0.0,0.0,0.52333,0.0,0.0,-0.15,0.4141963080830144,-0.4377450577879018,-0.13061674760867414,0.6831293403782784,-0.3243503730221242,1.045219070716986,0.2946146177644339,0.0,0.0,0.0,0.17,0.0,0.0,0.52333,0.0,0.0,-0.17009986284812426,0.3532163645032978,-0.48512554377376105,-0.1957705066686967,0.5190580451792057,-0.337986449239692,0.9045176656934105,0.2546310663364456,1.1646780993917738e-06,-0.00012388620109280061,-1.7149852515708897e-05,0.17237428890775652,-7.041035682755286e-05,-1.0035932372841444e-05,0.5281291259149765,6.971267827317634e-05,2.1663831815625537e-05
33,True,0.34000000000000025,6.239481571393504,False,False,0.0,False,,-0.15,0.4271399427106087,-0.4285170908437737,-0.11641852097144517,0.7202511947650997,-0.3219863221790656,1.0778821666768919,0.30382132456957245,0.0,0.0,0.0,0.17,0.0,0.0,0.52333,0.0,0.0,-0.15,0.4271399427106087,-0.4285170908437737,-0.11641852097144517,0.7202511947650997,-0.3219863221790656,1.0778821666768919,0.30382132456957245,0.0,0.0,0.0,0.17,0.0,0.0,0.52333,0.0,0.0,-0.17013996064927556,0.3662201963693534,-0.47581872396032737,-0.1814938639639102,0.5562135747509245,-0.335554227560064,0.9373083624307321,0.2638702183849326,1.191819378669727e-06,-0.0001233038557558485,-1.7271367314725373e-05,0.17238093829285253,-6.952740933721737e-05,-1.0008959758796144e-05,0.5281361694403468,7.198922888980295e-05,2.2363902352975522e-05
34,True,0.35000000000000026,6.239514094431186,False,False,0.0,False,,-0.15,0.4400835773382028,-0.4192891238996457,-0.10222029433421631,0.7573730491519207,-0.31962227133600696,1.1105452626367975,0.31302803137471097,0.0,0.0,0.0,0.17,0.0,0.0,0.52333,0.0,0.0,-0.15,0.4400835773382028,-0.4192891238996457,-0.10222029433421631,0.7573730491519207,-0.31962227133600696,1.1105452626367975,0.31302803137471097,0.0,0.0,0.0,0.17,0.0,0.0,0.52333,0.0,0.0,-0.17017254315829178,0.37922585521823843,-0.466509191276366,-0.16721450367455462,0.5933708631373746,-0.3331209576688021,0.9700954320309337,0.273107748153283,1.2185046674962833e-06,-0.00012272121116828593,-1.7387874120040817e-05,0.17238747665483636,-6.865005014395606e-05,-9.979930775830713e-06,0.5281430906512943,7.423015613642154e-05,2.3052703277721512e-05
35,True,0.36000000000000026,6.239546073550293,False,False,0.0,False,,-0.15,0.45302721196579704,-0.4100611569555176,-0.08802206769698728,0.7944949035387422,-0.31725822049294833,1.1432083585967034,0.32223473817984954,0.0,0.0,0.0,0.17,0.0,0.0,0.52333,0.0,0.0,-0.15,0.45302721196579704,-0.4100611569555176,-0.08802206769698728,0.7944949035387422,-0.31725822049294833,1.1432083585967034,0.32223473817984954,0.0,0.0,0.0,0.17,0.0,0.0,0.52333,0.0,0.0,-0.17019688501998745,0.3922332197200419,-0.45719708522482405,-0.1529326618186602,0.6305295005678412,-0.3306867457737726,1.0028784693435668,0.28234353116323146,1.2447416371306846e-06,-0.00012213934650464776,-1.749970977432386e-05,0.17239390578988803,-6.777923430246983e-05,-9.949122241205626e-06,0.5281498915601414,7.64354000251881e-05,2.3730227630120802e-05
36,True,0.3700000000000003,6.239577515776483,False,False,0.0,False,,-0.15,0.46597084659339116,-0.40083319001138956,-0.07382384105975848,0.8316167579255632,-0.31489416964988975,1.1758714545566091,0.33144144498498807,0.0,0.0,0.0,0.17,0.0,0.0,0.52333,0.0,0.0,-0.15,0.46597084659339116,-0.40083319001138956,-0.07382384105975848,0.8316167579255632,-0.31489416964988975,1.1758714545566091,0.33144144498498807,0.0,0.0,0.0,0.17,0.0,0.0,0.52333,0.0,0.0,-0.17021346744292695,0.40524221213173184,-0.447882477953065,-0.1386485336093965,0.6676891382253021,-0.3282516785253894,1.0356570669358838,0.2915774435484611,1.2705378599934982e-06,-0.00012156456187824397,-1.7608622490005358e-05,0.17240022710421551,-6.692068937679808e-05,-9.918112918121036e-06,0.5281565732990436,7.86024104744243e-05,2.439558562174498e-05
37,True,0.3800000000000003,6.239608427778473,False,False,0.0,False,,-0.15,0.47891448122098546,-0.3916052230672614,-0.05962561442252945,0.8687386123123845,-0.3125301188068311,1.208534550516515,0.34064815179012664,0.0,0.0,0.0,0.17,0.0,0.0,0.52333,0.0,0.0,-0.15,0.47891448122098546,-0.3916052230672614,-0.05962561442252945,0.8687386123123845,-0.3125301188068311,1.208534550516515,0.34064815179012664,0.0,0.0,0.0,0.17,0.0,0.0,0.52333,0.0,0.0,-0.17022355324488417,0.4182527542339443,-0.4385654463881663,-0.12436231064256766,0.7048494694435489,-0.3258158423759233,1.0684308719343798,0.30080938119693884,1.295900784900358e-06,-0.00012100374623595634,-1.771651732228175e-05,0.17240644193248195,-6.608068066144765e-05,-9.888626581279679e-06,0.5281631368663444,8.072835145301581e-05,2.5047786296852277e-05
38,True,0.3900000000000003,6.239638816014115,False,False,0.0,False,,-0.15,0.4918581158485796,-0.3823772561231334,-0.04542738778530053,0.9058604666992055,-0.3101660679637725,1.2411976464764207,0.34985485859526516,0.0,0.0,0.0,0.17,0.0,0.0,0.52333,0.0,0.0,-0.15,0.4918581158485796,-0.3823772561231334,-0.04542738778530053,0.9058604666992055,-0.3101660679637725,1.2411976464764207,0.34985485859526516,0.0,0.0,0.0,0.17,0.0,0.0,0.52333,0.0,0.0,-0.17022915056882099,0.4312647647619048,-0.4292460822387451,-0.11007418699877014,0.7420102255996358,-0.32337932279804354,1.101199584285626,0.3100392573582912,1.3208377364987004e-06,-0.00012046395009402993,-1.7825347127295156e-05,0.17241255156712954,-6.526561337711184e-05,-9.862429996980452e-06,0.5281695831931492,8.281032586711789e-05,2.56858133475674e-05
39,True,0.4000000000000003,6.239668688464921,False,False,0.0,False,,-0.15,0.5048017504761738,-0.3731492891790053,-0.031229161148071616,0.942982321086027,-0.30780201712071387,1.2738607424363266,0.3590615654004038,0.0,0.0,0.0,0.17,0.0,0.0,0.52333,0.0,0.0,-0.15,0.5048017504761738,-0.3731492891790053,-0.031229161148071616,0.942982321086027,-0.30780201712071387,1.2738607424363266,0.3590615654004038,0.0,0.0,0.0,0.17,0.0,0.0,0.52333,0.0,0.0,-0.17023235574696488,0.4442781071190676,-0.41992455842837323,-0.09578439191712779,0.7791711523270437,-0.32094222646064485,1.1339629990445732,0.3192670122040215,1.3453558877328335e-06,-0.00011994731091572071,-1.7935736600892027e-05,0.17241855760724947,-6.447739262357754e-05,-9.840063841061819e-06,0.5281759139601685,8.484779154003391e-05,2.6309482432818722e-05
40,True,0.4100000000000003,6.239698054817483,False,False,0.0,False,,-0.15,0.517745385103768,-0.3639213222348773,-0.0170309345108427,0.980104175472848,-0.3054379662776553,1.3065238383962323,0.3682682722055423,0.0,0.0,0.0,0.17,0.0,0.0,0.52333,0.0,0.0,-0.15,0.517745385103768,-0.3639213222348773,-0.0170309345108427,0.980104175472848,-0.3054379662776553,1.3065238383962323,0.3682682722055423,0.0,0.0,0.0,0.17,0.0,0.0,0.52333,0.0,0.0,-0.17023438507011499,0.4572925857374899,-0.41060113577552715,-0.08149319361599652,0.8163320069147247,-0.3185046768563297,1.1667210182218366,0.32849261065230156,1.3694622591388278e-06,-0.00011945051849854553,-1.8046844352790552e-05,0.17242446199509598,-6.371293188467007e-05,-9.820714971900482e-06,0.528182131683793,8.684282671110667e-05,2.6919531938603894e-05
41,True,0.4200000000000003,6.2397269250932705,False,False,0.0,False,,-0.15,0.5306890197313622,-0.3546933552907492,-0.0028327078736136713,1.0172260298596694,-0.3030739154345966,1.3391869343561382,0.3774749790106809,0.0,0.0,0.0,0.17,0.0,0.0,0.52333,0.0,0.0,-0.15,0.5306890197313622,-0.3546933552907492,-0.0028327078736136713,1.0172260298596694,-0.3030739154345966,1.3391869343561382,0.3774749790106809,0.0,0.0,0.0,0.17,0.0,0.0,0.52333,0.0,0.0,-0.17023564837917485,0.4703079924137177,-0.40127609154282395,-0.06720086775801919,0.8534925626066511,-0.31606680002871834,1.199473576631646,0.33771602659498234,1.3931637442584918e-06,-0.00011896884053980943,-1.815745670122034e-05,0.1724302667405045,-6.296783211088236e-05,-9.80322492130095e-06,0.5281882390688944,8.87982177602089e-05,2.751694321247967e-05
42,True,0.4300000000000003,6.239755323809678,False,False,0.0,False,,-0.15,0.5391023822392984,-0.34869517677706596,0.006396139440585036,1.0413552352111028,-0.30153728238660854,1.360417946730077,0.3834593384340209,0.0,0.0,0.0,0.17,0.0,0.0,0.52333,0.0,0.0,-0.15,0.5391023822392984,-0.34869517677706596,0.006396139440585036,1.0413552352111028,-0.30153728238660854,1.360417946730077,0.3834593384340209,0.0,0.0,0.0,0.17,0.0,0.0,0.52333,0.0,0.0,-0.170236066215968,0.4829935189703245,-0.3921872332432569,-0.053281421045933176,0.889629135647162,-0.31369289946292284,1.2313512081573132,0.34669379367097514,1.4164669500916681e-06,-0.00011845663276520909,-1.8257057174019694e-05,0.1724359767691901,-6.220014978931349e-05,-9.777853832991782e-06,0.5281942457042706,9.073654028912684e-05,2.8108968655562854e-05
43,True,0.44000000000000034,5.459998458794352,False,False,0.0,False,,-0.15,0.5391023822392984,-0.34869517677706596,0.006396139440585036,1.0413552352111028,-0.30153728238660854,1.360417946730077,0.3834593384340209,0.0,0.0,0.0,0.17,0.0,0.0,0.52333,0.0,0.0,-0.15,0.5391023822392984,-0.34869517677706596,0.006396139440585036,1.0413552352111028,-0.30153728238660854,1.360417946730077,0.3834593384340209,0.0,0.0,0.0,0.17,0.0,0.0,0.52333,0.0,0.0,-0.17023534930787526,0.4944532368323999,-0.383975702173239,-0.04073609300013689,0.9220442382105652,-0.31155380187739634,1.2600371835071735,0.35477602726744617,1.4393784443166176e-06,-0.00011788540946864004,-1.833912267302763e-05,0.17244159574603202,-6.138367466023549e-05,-9.738544694206786e-06,0.5282001582529751,9.267210845658163e-05,2.8700202856070168e-05
44,True,0.45000000000000034,4.042928847773656,False,True,0.0,False,,-0.15,0.5391023822392984,-0.34869517677706596,0.006396139440585036,1.0413552352111028,-0.30153728238660854,1.360417946730077,0.3834593384340209,0.0,0.0,0.0,0.17,0.0,0.0,0.52333,0.0,0.0,-0.15,0.5391023822392984,-0.34869517677706596,0.006396139440585036,1.0413552352111028,-0.30153728238660854,1.360417946730077,0.3834593384340209,0.0,0.0,0.0,0.17,0.0,0.0,0.52333,0.0,0.0,-0.17023358079581344,0.5041081440848514,-0.3770515446164851,-0.0301887932023324,0.9491507311462318,-0.3097531253649709,1.2841101954287581,0.36156141404724035,1.4619051583093834e-06,-0.00011733958736082076,-1.8423044538639408e-05,0.17244711920257774,-6.059576364723165e-05,-9.703141952108884e-06,0.5282059642853412,9.45647018865079e-05,2.9277853822372313e-05
45,True,0.46000000000000035,3.181217872567449,False,True,0.0,False,,-0.15,0.5391023822392984,-0.34869517677706596,0.006396139440585036,1.0413552352111028,-0.30153728238660854,1.360417946730077,0.3834593384340209,0.0,0.0,0.0,0.17,0.0,0.0,0.52333,0.0,0.0,-0.15,0.5391023822392984,-0.34869517677706596,0.006396139440585036,1.0413552352111028,-0.30153728238660854,1.360417946730077,0.3834593384340209,0.0,0.0,0.0,0.17,0.0,0.0,0.52333,0.0,0.0,-0.17023075598668141,0.5118997881390743,-0.3714535983808847,-0.0216822678767831,0.9709304450171397,-0.3082954626295127,1.303494718286532,0.36702609111243845,1.484053802646891e-06,-0.00011687839958891755,-1.8522390431034044e-05,0.1724525444632086,-5.989067685580014e-05,-9.684120153148304e-06,0.5282116555942883,9.638620040450015e-05,2.983300470364953e-05
46,True,0.47000000000000036,2.5470511123974555,False,True,0.0,False,,-0.15,0.5391023822392984,-0.34869517677706596,0.006396139440585036,1.0413552352111028,-0.30153728238660854,1.360417946730077,0.3834593384340209,0.0,0.0,0.0,0.17,0.0,0.0,0.52333,0.0,0.0,-0.15,0.5391023822392984,-0.34869517677706596,0.006396139440585036,1.0413552352111028,-0.30153728238660854,1.360417946730077,0.3834593384340209,0.0,0.0,0.0,0.17,0.0,0.0,0.52333,0.0,0.0,-0.17022329663781874,0.518008798467071,-0.36705291656299505,-0.01500506531839414,0.9880012832073594,-0.3071438424098402,1.3186925619635979,0.37130955880361044,1.5058306399481197e-06,-0.0001164856802791894,-1.8632793767580643e-05,0.17245787419170716,-5.9253582150368726e-05,-9.677419272432235e-06,0.5282172365634487,9.814471990246162e-05,3.036855075789094e-05
47,True,0.48000000000000037,2.1099002785075243,False,True,0.0,False,,-0.15,0.5391023822392984,-0.34869517677706596,0.006396139440585036,1.0413552352111028,-0.30153728238660854,1.360417946730077,0.3834593384340209,0.0,0.0,0.0,0.17,0.0,0.0,0.52333,0.0,0.0,-0.15,0.5391023822392984,-0.34869517677706596,0.006396139440585036,1.0413552352111028,-0.30153728238660854,1.360417946730077,0.3834593384340209,0.0,0.0,0.0,0.17,0.0,0.0,0.52333,0.0,0.0,-0.1702077656715098,0.5227018946513846,-0.36366081716689436,-0.009860588021449566,1.001165640475599,-0.30624830348122295,1.3303921618314434,0.3746049980855951,1.5272417933682159e-06,-0.000116131302942227,-1.8747309119109316e-05,0.17246311206635154,-5.865679849219225e-05,-9.676601316995707e-06,0.5282227140155855,9.985524150986006e-05,3.0889317059869335e-05
48,True,0.4900000000000004,1.8839972613492488,False,True,0.0,False,,-0.15,0.5391023822392984,-0.34869517677706596,0.006396139440585036,1.0413552352111028,-0.30153728238660854,1.360417946730077,0.3834593384340209,0.0,0.0,0.0,0.17,0.0,0.0,0.52333,0.0,0.0,-0.15,0.5391023822392984,-0.34869517677706596,0.006396139440585036,1.0413552352111028,-0.30153728238660854,1.360417946730077,0.3834593384340209,0.0,0.0,0.0,0.17,0.0,0.0,0.52333,0.0,0.0,-0.17018411461882182,0.5262539857965712,-0.3610832003982841,-0.005949276652288004,1.0112062804220374,-0.3055592241745605,1.339282352858628,0.3771065331937451,1.5482933673473488e-06,-0.00011579905903657331,-1.8862880034792624e-05,0.17246826079106076,-5.808536547683616e-05,-9.678816116801832e-06,0.5282280925253046,0.0001015261329520037,3.139773317525363e-05
49,True,0.5000000000000003,1.7383663969839098,False,True,0.0,False,,-0.15,0.5391023822392984,-0.34869517677706596,0.006396139440585036,1.0413552352111028,-0.30153728238660854,1.360417946730077,0.3834593384340209,0.0,0.0,0.0,0.17,0.0,0.0,0.52333,0.0,0.0,-0.15,0.5391023822392984,-0.34869517677706596,0.006396139440585036,1.0413552352111028,-0.30153728238660854,1.360417946730077,0.3834593384340209,0.0,0.0,0.0,0.17,0.0,0.0,0.52333,0.0,0.0,-0.17015409889624303,0.5289126721684971,-0.35914520743012496,-0.00300421520825077,1.01880615412246,-0.3050328075869042,1.3459738167075912,0.3789867161641864,1.5689913939320568e-06,-0.00011548020094613682,-1.8978118731995268e-05,0.1724733225078288,-5.753118198019906e-05,-9.682755577875142e-06,0.5282333753765305,0.00010316210857846969,3.1895081905159994e-05
50,True,0.5100000000000003,1.6596113278754276,False,True,0.0,False,,-0.15,0.5391023822392984,-0.34869517677706596,0.006396139440585036,1.0413552352111028,-0.30153728238660854,1.360417946730077,0.3834593384340209,0.0,0.0,0.0,0.17,0.0,0.0,0.52333,0.0,0.0,-0.15,0.5391023822392984,-0.34869517677706596,0.006396139440585036,1.0413552352111028,-0.30153728238660854,1.360417946730077,0.3834593384340209,0.0,0.0,0.0,0.17,0.0,0.0,0.52333,0.0,0.0,-0.17012013198039147,0.5308857812374698,-0.35769982885895923,-0.0008026166641126471,1.0245277178324004,-0.3046326505227091,1.3509747620128272,0.38038938076132317,1.5893418128040454e-06,-0.00011517025576429063,-1.909238470706269e-05,0.17247829901104664,-5.699008649545988e-05,-9.687801645508705e-06,0.5282385650590707,0.00010476576510427116,3.2382066655596166e-05
51,True,0.5200000000000004,1.6354217380148999,False,True,0.0,False,,-0.15,0.5391023822392984,-0.34869517677706596,0.006396139440585036,1.0413552352111028,-0.30153728238660854,1.360417946730077,0.3834593384340209,0.0,0.0,0.0,0.17,0.0,0.0,0.52333,0.0,0.0,-0.15,0.5391023822392984,-0.34869517677706596,0.006396139440585036,1.0413552352111028,-0.30153728238660854,1.360417946730077,0.3834593384340209,0.0,0.0,0.0,0.17,0.0,0.0,0.52333,0.0,0.0,-0.17008461654488702,0.5323404455626864,-0.35662853158308794,0.0008342991300680696,1.0288187193466005,-0.3043295286122308,1.3546922907494257,0.3814298485408483,1.6093504645805696e-06,-0.00011486711491416324,-1.920536553548799e-05,0.17248319188511624,-5.6460092400703996e-05,-9.693637317514672e-06,0.528243663588594,0.0001063385392296079,3.28591081227194e-05
52,True,0.5300000000000004,1.515463697942809,False,True,0.0,False,,-0.15,0.5391023822392984,-0.34869517677706596,0.006396139440585036,1.0413552352111028,-0.30153728238660854,1.360417946730077,0.3834593384340209,0.0,0.0,0.0,0.17,0.0,0.0,0.52333,0.0,0.0,-0.15,0.5391023822392984,-0.34869517677706596,0.006396139440585036,1.0413552352111028,-0.30153728238660854,1.360417946730077,0.3834593384340209,0.0,0.0,0.0,0.17,0.0,0.0,0.52333,0.0,0.0,-0.17004960689891963,0.5334073178460041,-0.35583834352818555,0.0020463565077976703,1.0320280000721942,-0.30410048118730854,1.3574444692862684,0.3821982431111121,1.629023089274624e-06,-0.00011456980178789117,-1.9316865228827166e-05,0.1724880025975303,-5.594024634575802e-05,-9.700050128484151e-06,0.5282486727245879,0.0001078813329398754,3.332651391214008e-05
53,True,0.5400000000000004,1.330007158665747,False,True,0.0,False,,-0.15,0.5391023822392984,-0.34869517677706596,0.006396139440585036,1.0413552352111028,-0.30153728238660854,1.360417946730077,0.3834593384340209,0.0,0.0,0.0,0.17,0.0,0.0,0.52333,0.0,0.0,-0.15,0.5391023822392984,-0.34869517677706596,0.006396139440585036,1.0413552352111028,-0.30153728238660854,1.360417946730077,0.3834593384340209,0.0,0.0,0.0,0.17,0.0,0.0,0.52333,0.0,0.0,-0.17001667821130936,0.5341865323098607,-0.3552577298835513,0.0029409942345809533,1.0344234893749789,-0.3039277188014603,1.3594755537723695,0.38276375353267617,1.648365327149932e-06,-0.00011427774713011139,-1.942670467407706e-05,0.17249273255568834,-5.5429957445269254e-05,-9.70684002241233e-06,0.5282535941045836,0.00010939487931811465,3.3784567561750114e-05
54,True,0.5500000000000004,1.1939942743527343,False,True,0.0,False,,-0.15,0.5391023822392984,-0.34869517677706596,0.006396139440585036,1.0413552352111028,-0.30153728238660854,1.360417946730077,0.3834593384340209,0.0,0.0,0.0,0.17,0.0,0.0,0.52333,0.0,0.0,-0.15,0.5391023822392984,-0.34869517677706596,0.006396139440585036,1.0413552352111028,-0.30153728238660854,1.360417946730077,0.3834593384340209,0.0,0.0,0.0,0.17,0.0,0.0,0.52333,0.0,0.0,-0.16998691412366693,0.5347537398326693,-0.35483240982805847,0.003599731899036109,1.036208972752206,-0.30379758584004013,1.3609708188319232,0.38317881970673195,1.6673827207676083e-06,-0.00011399043407745199,-1.9534687921696136e-05,0.17249738313624427,-5.492867006917158e-05,-9.713788635249144e-06,0.5282584293144351,0.00011087991749576843,3.4233564746342467e-05
55,True,0.5600000000000004,1.1165493569706473,False,True,0.0,False,,-0.15,0.5391023822392984,-0.34869517677706596,0.006396139440585036,1.0413552352111028,-0.30153728238660854,1.360417946730077,0.3834593384340209,0.0,0.0,0.0,0.17,0.0,0.0,0.52333,0.0,0.0,-0.15,0.5391023822392984,-0.34869517677706596,0.006396139440585036,1.0413552352111028,-0.30153728238660854,1.360417946730077,0.3834593384340209,0.0,0.0,0.0,0.17,0.0,0.0,0.52333,0.0,0.0,-0.16996077637547052,0.5350786595981413,-0.3546312589174231,0.00403801040201641,1.0375378115209948,-0.3036936017265734,1.3618222535601432,0.3833984061486697,1.6860807150658914e-06,-0.00011370691122214804,-1.9640493893496377e-05,0.17250195572123866,-5.4435421587227676e-05,-9.720560412062135e-06,0.5282631799744872,0.00011233741510753045,3.467388307647842e-05
56,True,0.5700000000000004,1.0800704612448153,False,True,0.0,False,,-0.15,0.5391023822392984,-0.34869517677706596,0.006396139440585036,1.0413552352111028,-0.30153728238660854,1.360417946730077,0.3834593384340209,0.0,0.0,0.0,0.17,0.0,0.0,0.52333,0.0,0.0,-0.15,0.5391023822392984,-0.34869517677706596,0.006396139440585036,1.0413552352111028,-0.30153728238660854,1.360417946730077,0.3834593384340209,0.0,0.0,0.0,0.17,0.0,0.0,0.52333,0.0,0.0,-0.1699397666782231,0.5352445476470588,-0.354566804200562,0.0043299068468348806,1.038529917690678,-0.30361158236426006,1.3622097473381256,0.38348625136860437,1.7044645919954856e-06,-0.0001134069025073172,-1.9739684585153528e-05,0.17250645308027437,-5.3931481514631616e-05,-9.723019235832055e-06,0.5282678509900813,0.00011377777137128291,3.5108773604517465e-05
57,True,0.5800000000000004,1.0622075110063067,False,True,0.0,False,,-0.15,0.5391023822392984,-0.34869517677706596,0.006396139440585036,1.0413552352111028,-0.30153728238660854,1.360417946730077,0.3834593384340209,0.0,0.0,0.0,0.17,0.0,0.0,0.52333,0.0,0.0,-0.15,0.5391023822392984,-0.34869517677706596,0.006396139440585036,1.0413552352111028,-0.30153728238660854,1.360417946730077,0.3834593384340209,0.0,0.0,0.0,0.17,0.0,0.0,0.52333,0.0,0.0,-0.16992355147953983,0.5353436227533416,-0.3545474057683356,0.004542700964164923,1.039272775122832,-0.30354946238681946,1.3623822547527364,0.38352319868143014,1.7225396725341988e-06,-0.0001131050860618208,-1.9835350959350437e-05,0.17251087541121138,-5.343022723138883e-05,-9.723975058646835e-06,0.5282724412469583,0.0001151944023545296,3.553627664223883e-05
58,True,0.5900000000000004,1.052663255686791,False,True,0.0,False,,-0.15,0.5391023822392984,-0.34869517677706596,0.006396139440585036,1.0413552352111028,-0.30153728238660854,1.360417946730077,0.3834593384340209,0.0,0.0,0.0,0.17,0.0,0.0,0.52333,0.0,0.0,-0.15,0.5391023822392984,-0.34869517677706596,0.006396139440585036,1.0413552352111028,-0.30153728238660854,1.360417946730077,0.3834593384340209,0.0,0.0,0.0,0.17,0.0,0.0,0.52333,0.0,0.0,-0.16991114998668927,0.5354149776357869,-0.354543221875372,0.004707593313739441,1.0398296569302843,-0.3035033461324768,1.3624614983584729,0.3835407174945321,1.740311181161185e-06,-0.0001128136428474979,-1.993011690710124e-05,0.17251522308126155,-5.2942733489927815e-05,-9.725806641184823e-06,0.5282769500470976,0.0001165819423069794,3.595477624147799e-05
59,True,0.6000000000000004,1.0467487464521408,False,True,0.0,False,,-0.15,0.5391023822392984,-0.34869517677706596,0.006396139440585036,1.0413552352111028,-0.30153728238660854,1.360417946730077,0.3834593384340209,0.0,0.0,0.0,0.17,0.0,0.0,0.52333,0.0,0.0,-0.15,0.5391023822392984,-0.34869517677706596,0.006396139440585036,1.0413552352111028,-0.30153728238660854,1.360417946730077,0.3834593384340209,0.0,0.0,0.0,0.17,0.0,0.0,0.52333,0.0,0.0,-0.16990181059567955,0.5354747538322822,-0.35454359095894267,0.004839897996387647,1.0402472383233956,-0.3034698549699828,1.362503913564997,0.3835509298251022,1.7577842166053597e-06,-0.00011253384046711325,-2.002429560430236e-05,0.17251949723524057,-5.247005033123959e-05,-9.728761977706943e-06,0.5282813785468623,0.0001179403220191261,3.636426426674765e-05
60,True,0.6100000000000004,1.0423795898000177,False,True,0.0,False,,-0.15,0.5391023822392984,-0.34869517677706596,0.006396139440585036,1.0413552352111028,-0.30153728238660854,1.360417946730077,0.3834593384340209,0.0,0.0,0.0,0.17,0.0,0.0,0.52333,0.0,0.0,-0.15,0.5391023822392984,-0.34869517677706596,0.006396139440585036,1.0413552352111028,-0.30153728238660854,1.360417946730077,0.3834593384340209,0.0,0.0,0.0,0.17,0.0,0.0,0.52333,0.0,0.0,-0.1698949957571309,0.5355291979709632,-0.3545448319846148,0.004948099875343023,1.040560377973292,-0.3034461701717064,1.3625342298009722,0.38355846670682625,1.7749637783707178e-06,-0.00011226290162718012,-2.0117339843540876e-05,0.1725236992920759,-5.2009518611953827e-05,-9.732297141399488e-06,0.528285728576089,0.00011927141951446595,3.676532500526608e-05
61,True,0.6200000000000004,1.0386736057266919,False,True,0.0,False,,-0.15,0.5391023822392984,-0.34869517677706596,0.006396139440585036,1.0413552352111028,-0.30153728238660854,1.360417946730077,0.3834593384340209,0.0,0.0,0.0,0.17,0.0,0.0,0.52333,0.0,0.0,-0.15,0.5391023822392984,-0.34869517677706596,0.006396139440585036,1.0413552352111028,-0.30153728238660854,1.360417946730077,0.3834593384340209,0.0,0.0,0.0,0.17,0.0,0.0,0.52333,0.0,0.0,-0.16989016874378643,0.5355808545359808,-0.3545457382562554,0.005037996667531037,1.0407953492291777,-0.30342993958769215,1.3625621243979962,0.3835650559084071,1.7918547751022419e-06,-0.00011199643185237212,-2.020830954224213e-05,0.17252783076470304,-5.1557005723514186e-05,-9.73550797438071e-06,0.5282900022132606,0.00012057786489441475,3.715879130037577e-05
62,True,0.6300000000000004,1.03530430288381,False,True,0.0,False,,-0.15,0.5391023822392984,-0.34869517677706596,0.006396139440585036,1.0413552352111028,-0.30153728238660854,1.360417946730077,0.3834593384340209,0.0,0.0,0.0,0.17,0.0,0.0,0.52333,0.0,0.0,-0.15,0.5391023822392984,-0.34869517677706596,0.006396139440585036,1.0413552352111028,-0.30153728238660854,1.360417946730077,0.3834593384340209,0.0,0.0,0.0,0.17,0.0,0.0,0.52333,0.0,0.0,-0.16988630443097805,0.5356321835358362,-0.35454588182284874,0.005115187694876295,1.0409722760678204,-0.3034180650506052,1.3625901900668331,0.38357127219748194,1.8084620214954843e-06,-0.00011172791920236152,-2.0295690083775874e-05,0.17253189329180763,-5.110645393144554e-05,-9.736963076227314e-06,0.5282942018593517,0.00012186326310771447,3.754584329286077e-05
63,True,0.6400000000000005,1.0321584377255313,False,True,0.0,False,,-0.15,0.5391023822392984,-0.34869517677706596,0.006396139440585036,1.0413552352111028,-0.30153728238660854,1.360417946730077,0.3834593384340209,0.0,0.0,0.0,0.17,0.0,0.0,0.52333,0.0,0.0,-0.15,0.5391023822392984,-0.34869517677706596,0.006396139440585036,1.0413552352111028,-0.30153728238660854,1.360417946730077,0.3834593384340209,0.0,0.0,0.0,0.17,0.0,0.0,0.52333,0.0,0.0,-0.16988279889379632,0.5356840410152381,-0.35454519495090614,0.0051832586525888645,1.041106067274567,-0.30340810931426315,1.3626186559812599,0.3835773143075486,1.8247902854656035e-06,-0.00011145768544858053,-2.037967173672906e-05,0.1725358880125983,-5.065806893934966e-05,-9.736804756967531e-06,0.5282983287669445,0.00012312792418257409,3.792655411980117e-05
64,True,0.6500000000000005,1.028956317662031,False,True,0.0,False,,-0.15,0.5391023822392984,-0.34869517677706596,0.006396139440585036,1.0413552352111028,-0.30153728238660854,1.360417946730077,0.3834593384340209,0.0,0.0,0.0,0.17,0.0,0.0,0.52333,0.0,0.0,-0.15,0.5391023822392984,-0.34869517677706596,0.006396139440585036,1.0413552352111028,-0.30153728238660854,1.360417946730077,0.3834593384340209,0.0,0.0,0.0,0.17,0.0,0.0,0.52333,0.0,0.0,-0.16987942805115216,0.5357437492485023,-0.3545444525944148,0.005246012991088837,1.0412074079975515,-0.3033994387501559,1.3626504540305389,0.38358352793059214,1.8408442554462957e-06,-0.00011118578531871701,-2.046041375455022e-05,0.17253981607017507,-5.021181617119803e-05,-9.735148549179657e-06,0.5283023842211453,0.00012437226522206898,3.830101840041918e-05
65,True,0.6600000000000005,1.0252536810021802,False,True,0.0,False,,-0.15,0.5391023822392984,-0.34869517677706596,0.006396139440585036,1.0413552352111028,-0.30153728238660854,1.360417946730077,0.3834593384340209,0.0,0.0,0.0,0.17,0.0,0.0,0.52333,0.0,0.0,-0.15,0.5391023822392984,-0.34869517677706596,0.006396139440585036,1.0413552352111028,-0.30153728238660854,1.360417946730077,0.3834593384340209,0.0,0.0,0.0,0.17,0.0,0.0,0.52333,0.0,0.0,-0.1698761152933855,0.5358211168015187,-0.35454485737297897,0.005306462998153836,1.0412836971016128,-0.3033921811259609,1.3626912922578922,0.3835904235158007,1.8566285521288023e-06,-0.00011091502091644664,-2.053867266183422e-05,0.1725436783890149,-4.977018993720003e-05,-9.732662495690088e-06,0.528306369017472,0.00012559535017888268,3.866891291355373e-05
66,True,0.6700000000000005,1.0213777284497856,False,True,0.0,False,,-0.15,0.5391023822392984,-0.34869517677706596,0.006396139440585036,1.0413552352111028,-0.30153728238660854,1.360417946730077,0.3834593384340209,0.0,0.0,0.0,0.17,0.0,0.0,0.52333,0.0,0.0,-0.15,0.5391023822392984,-0.34869517677706596,0.006396139440585036,1.0413552352111028,-0.30153728238660854,1.360417946730077,0.3834593384340209,0.0,0.0,0.0,0.17,0.0,0.0,0.52333,0.0,0.0,-0.169872845856905,0.5359008522796141,-0.3545453026604131,0.005361515474182461,1.0413412342751156,-0.30338559499905926,1.3627363769121053,0.38359765913493205,1.8721477364364187e-06,-0.00011065264660376975,-2.061619080961044e-05,0.17254747555361954,-4.933977540693074e-05,-9.73092509279911e-06,0.5283102831735592,0.00012679406847374152,3.9029235808761896e-05
67,True,0.6800000000000005,1.0175088659805291,False,True,0.0,False,,-0.15,0.5391023822392984,-0.34869517677706596,0.006396139440585036,1.0413552352111028,-0.30153728238660854,1.360417946730077,0.3834593384340209,0.0,0.0,0.0,0.17,0.0,0.0,0.52333,0.0,0.0,-0.15,0.5391023822392984,-0.34869517677706596,0.006396139440585036,1.0413552352111028,-0.30153728238660854,1.360417946730077,0.3834593384340209,0.0,0.0,0.0,0.17,0.0,0.0,0.52333,0.0,0.0,-0.1698696071204959,0.535975791536171,-0.3545453171581686,0.005410364289133701,1.0413847985095492,-0.3033793704853432,1.3627828625914604,0.3836050776068581,1.8874062605352928e-06,-0.00011039825026261193,-2.069293746922777e-05,0.17255120867983578,-4.8920128738841276e-05,-9.729880387682386e-06,0.5283141279782163,0.0001279689982844103,3.938216635574572e-05
68,True,0.6900000000000005,1.013739541878718,False,True,0.0,False,,-0.15,0.5391023822392984,-0.34869517677706596,0.006396139440585036,1.0413552352111028,-0.30153728238660854,1.360417946730077,0.3834593384340209,0.0,0.0,0.0,0.17,0.0,0.0,0.52333,0.0,0.0,-0.15,0.5391023822392984,-0.34869517677706596,0.006396139440585036,1.0413552352111028,-0.30153728238660854,1.360417946730077,0.3834593384340209,0.0,0.0,0.0,0.17,0.0,0.0,0.52333,0.0,0.0,-0.16986638857912031,0.5360446486575217,-0.3545447420070299,0.005454149558414126,1.0414181417946506,-0.30337341945758406,1.3628289948891206,0.3836125934260233,1.9024084917711045e-06,-0.00011014904046580075,-2.076832945302883e-05,0.17255487903494474,-4.850862580189169e-05,-9.728963546382889e-06,0.528317905099323,0.0001291218596417487,3.972825001249502e-05
69,True,0.7000000000000005,1.0101179360267365,False,True,0.0,False,,-0.15,0.5391023822392984,-0.34869517677706596,0.006396139440585036,1.0413552352111028,-0.30153728238660854,1.360417946730077,0.3834593384340209,0.0,0.0,0.0,0.17,0.0,0.0,0.52333,0.0,0.0,-0.15,0.5391023822392984,-0.34869517677706596,0.006396139440585036,1.0413552352111028,-0.30153728238660854,1.360417946730077,0.3834593384340209,0.0,0.0,0.0,0.17,0.0,0.0,0.52333,0.0,0.0,-0.16986318525228236,0.536108366109769,-0.3545435456653517,0.005494449812526316,1.0414441069442428,-0.3033677279261642,1.3628736632453284,0.38362015201881106,1.917158728750704e-06,-0.0001099033674127515,-2.08420410710271e-05,0.17255848778555158,-4.810369145213807e-05,-9.727847796492889e-06,0.5283216159901389,0.00013025381448065793,4.0067855722541743e-05
70,True,0.7100000000000005,1.0066698235115166,False,True,0.0,False,,-0.15,0.5391023822392984,-0.34869517677706596,0.006396139440585036,1.0413552352111028,-0.30153728238660854,1.360417946730077,0.3834593384340209,0.0,0.0,0.0,0.17,0.0,0.0,0.52333,0.0,0.0,-0.15,0.5391023822392984,-0.34869517677706596,0.006396139440585036,1.0413552352111028,-0.30153728238660854,1.360417946730077,0.3834593384340209,0.0,0.0,0.0,0.17,0.0,0.0,0.52333,0.0,0.0,-0.16985999686660086,0.536167601582251,-0.3545417550813658,0.00553208693535185,1.0414646690707223,-0.303362282369251,1.3629162382007374,0.38362772361069336,1.9316612044539253e-06,-0.00010966119357394868,-2.0914112703811175e-05,0.1725620359647481,-4.770523100049665e-05,-9.726544534499172e-06,0.5283252618106804,0.00013136523814149636,4.040110285387408e-05
71,True,0.7200000000000005,1.0034055748599129,False,True,0.0,False,,-0.15,0.5391023822392984,-0.34869517677706596,0.006396139440585036,1.0413552352111028,-0.30153728238660854,1.360417946730077,0.3834593384340209,0.0,0.0,0.0,0.17,0.0,0.0,0.52333,0.0,0.0,-0.15,0.5391023822392984,-0.34869517677706596,0.006396139440585036,1.0413552352111028,-0.30153728238660854,1.360417946730077,0.3834593384340209,0.0,0.0,0.0,0.17,0.0,0.0,0.52333,0.0,0.0,-0.16985682421703557,0.5362228199926361,-0.35453941450248516,0.005567483196891186,1.0414812211213567,-0.3033570694058179,1.3629564105669818,0.3836352895592061,1.945920082118482e-06,-0.0001094228248738584,-2.098466113493817e-05,0.1725655245637727,-4.73134660740777e-05,-9.72513613948912e-06,0.528328843642629,0.000132456332356194,4.072805598381143e-05
72,True,0.7300000000000005,1.0003257984959495,False,True,0.0,False,,-0.15,0.5391023822392984,-0.34869517677706596,0.006396139440585036,1.0413552352111028,-0.30153728238660854,1.360417946730077,0.3834593384340209,0.0,0.0,0.0,0.17,0.0,0.0,0.52333,0.0,0.0,-0.15,0.5391023822392984,-0.34869517677706596,0.006396139440585036,1.0413552352111028,-0.30153728238660854,1.360417946730077,0.3834593384340209,0.0,0.0,0.0,0.17,0.0,0.0,0.52333,0.0,0.0,-0.16985366808201097,0.5362743818440431,-0.35453657108613235,0.0056008702978648075,1.0414947694143568,-0.3033520763995671,1.3629940709258703,0.3836428363442045,1.9599394548759484e-06,-0.00010918852952868487,-2.1053792998922485e-05,0.17256895455961602,-4.6928584840393374e-05,-9.723696122811123e-06,0.528332362554093,0.00013352731010041004,4.1048783451500104e-05
73,True,0.7400000000000005,0.9974222123271625,False,True,0.0,False,,-0.15,0.5391023822392984,-0.34869517677706596,0.006396139440585036,1.0413552352111028,-0.30153728238660854,1.360417946730077,0.3834593384340209,0.0,0.0,0.0,0.17,0.0,0.0,0.52333,0.0,0.0,-0.15,0.5391023822392984,-0.34869517677706596,0.006396139440585036,1.0413552352111028,-0.30153728238660854,1.360417946730077,0.3834593384340209,0.0,0.0,0.0,0.17,0.0,0.0,0.52333,0.0,0.0,-0.16985052908060205,0.53632255986127,-0.35453327323146516,0.0056323605818373685,1.0415064351900605,-0.3033472914551363,1.3630292452196768,0.3836503546635645,1.9737233467881888e-06,-0.00010895849872540759,-2.1121596174856928e-05,0.1725723269180682,-4.655070587211178e-05,-9.722281173996027e-06,0.5283358196065935,0.00013457841509924835,4.136336341158989e-05
74,True,0.7500000000000006,0.9946825763352939,False,True,0.0,False,,-0.15,0.5391023822392984,-0.34869517677706596,0.006396139440585036,1.0413552352111028,-0.30153728238660854,1.360417946730077,0.3834593384340209,0.0,0.0,0.0,0.17,0.0,0.0,0.52333,0.0,0.0,-0.15,0.5391023822392984,-0.34869517677706596,0.006396139440585036,1.0413552352111028,-0.30153728238660854,1.360417946730077,0.3834593384340209,0.0,0.0,0.0,0.17,0.0,0.0,0.52333,0.0,0.0,-0.16984740758196215,0.5363675776060366,-0.35452956718417966,0.005662019224871804,1.041517256262418,-0.3033427033841976,1.363062031929116,0.38365783730402214,1.9872757138894175e-06,-0.00010873281726014351,-2.1188133248689908e-05,0.17257564259609046,-4.617985117491685e-05,-9.720925119457447e-06,0.5283392158603706,0.00013560993627028127,4.1671888364106135e-05
75,True,0.7600000000000006,0.9920970942504793,False,True,0.0,False,,-0.15,0.5391023822392984,-0.34869517677706596,0.006396139440585036,1.0413552352111028,-0.30153728238660854,1.360417946730077,0.3834593384340209,0.0,0.0,0.0,0.17,0.0,0.0,0.52333,0.0,0.0,-0.15,0.5391023822392984,-0.34869517677706596,0.006396139440585036,1.0413552352111028,-0.30153728238660854,1.360417946730077,0.3834593384340209,0.0,0.0,0.0,0.17,0.0,0.0,0.52333,0.0,0.0,-0.16984430371975417,0.5364096588572451,-0.354525492479625,0.005689933277368619,1.0415276714000743,-0.3033383016777464,1.3630925456385772,0.3836652764317044,2.0006004453631135e-06,-0.00010851147203828095,-2.125344357331412e-05,0.1725789025414723,-4.5815953958226535e-05,-9.719640812747996e-06,0.528342552373292,0.00013662220380047393,4.1974463867329986e-05
76,True,0.7700000000000006,0.9896569401858522,False,True,0.0,False,,-0.15,0.5391023822392984,-0.34869517677706596,0.006396139440585036,1.0413552352111028,-0.30153728238660854,1.360417946730077,0.3834593384340209,0.0,0.0,0.0,0.17,0.0,0.0,0.52333,0.0,0.0,-0.15,0.5391023822392984,-0.34869517677706596,0.006396139440585036,1.0413552352111028,-0.30153728238660854,1.360417946730077,0.3834593384340209,0.0,0.0,0.0,0.17,0.0,0.0,0.52333,0.0,0.0,-0.16984121754738432,0.5364490158325125,-0.354521084343572,0.005716197340372525,1.0415378510617523,-0.30333407642176313,1.3631209101441002,0.3836726645244503,2.0137013649320583e-06,-0.00010829441725799334,-2.131755823295677e-05,0.17258210768842439,-4.54589184117499e-05,-9.718433927586367e-06,0.5283458301901787,0.00013761555776789568,4.227119854199745e-05
77,True,0.7800000000000006,0.9873536672265224,False,True,0.0,False,,-0.15,0.5391023822392984,-0.34869517677706596,0.006396139440585036,1.0413552352111028,-0.30153728238660854,1.360417946730077,0.3834593384340209,0.0,0.0,0.0,0.17,0.0,0.0,0.52333,0.0,0.0,-0.15,0.5391023822392984,-0.34869517677706596,0.006396139440585036,1.0413552352111028,-0.30153728238660854,1.360417946730077,0.3834593384340209,0.0,0.0,0.0,0.17,0.0,0.0,0.52333,0.0,0.0,-0.1698381490854746,0.5364858446121812,-0.35451637498519456,0.00574090579903294,1.0415478610221045,-0.30333001828393785,1.3631472529153996,0.3836799947106014,2.026582232041746e-06,-0.00010808159538286292,-2.1380504855578843e-05,0.17258525895634957,-4.510863892758951e-05,-9.717307388245536e-06,0.528349050339596,0.00013859033808623074,4.256220087505722e-05
78,True,0.7900000000000006,1.112721740840589,False,True,0.0,False,,-0.15,0.5306890197313622,-0.3546933552907492,-0.0028327078736136713,1.0172260298596694,-0.3030739154345966,1.3391869343561382,0.3774749790106809,0.0,0.0,0.0,0.17,0.0,0.0,0.52333,0.0,0.0,-0.15,0.5306890197313622,-0.3546933552907492,-0.0028327078736136713,1.0172260298596694,-0.3030739154345966,1.3391869343561382,0.3774749790106809,0.0,0.0,0.0,0.17,0.0,0.0,0.52333,0.0,0.0,-0.16983274320180072,0.5362466734289164,-0.35478089999819934,0.005338155231597877,1.0397731525107134,-0.30345341542405435,1.3616923865648904,0.3832919469760523,2.0392456148626996e-06,-0.00010760701979488176,-2.138107183239922e-05,0.17258837633267785,-4.452110180786315e-05,-9.659787505325797e-06,0.528352258697396,0.00013967522508446367,4.2888576908013345e-05
79,True,0.8000000000000006,1.563063405020346,False,True,0.0,False,,-0.15,0.517745385103768,-0.3639213222348772,-0.0170309345108427,0.9801041754728482,-0.30543796627765524,1.3065238383962325,0.3682682722055423,0.0,0.0,0.0,0.17,0.0,0.0,0.52333,0.0,0.0,-0.15,0.517745385103768,-0.3639213222348772,-0.0170309345108427,0.9801041754728482,-0.30543796627765524,1.3065238383962325,0.3682682722055423,0.0,0.0,0.0,0.17,0.0,0.0,0.52333,0.0,0.0,-0.16981762350665558,0.534415377736936,-0.35600390849447744,0.003208393335096548,1.0336113005423924,-0.3037594297080506,1.3566590502265596,0.38197203223902654,2.0516977531435848e-06,-0.00010750138920147442,-2.146233052265873e-05,0.1725914152550624,-4.427499378457807e-05,-9.677819545334514e-06,0.5283553494578596,0.0001405655530669998,4.315391778906547e-05
80,True,0.8100000000000006,1.8086620924613395,False,True,0.0,False,,-0.15,0.5048017504761739,-0.37314928917900525,-0.031229161148071505,0.9429823210860272,-0.30780201712071387,1.2738607424363269,0.3590615654004038,0.0,0.0,0.0,0.17,0.0,0.0,0.52333,0.0,0.0,-0.15,0.5048017504761739,-0.37314928917900525,-0.031229161148071505,0.9429823210860272,-0.30780201712071387,1.2738607424363269,0.3590615654004038,0.0,0.0,0.0,0.17,0.0,0.0,0.52333,0.0,0.0,-0.16979911649141652,0.5306025209151778,-0.35854611788370827,-0.0010640003270168876,1.0220287981707195,-0.30436780109104244,1.346978506637353,0.3793706403928085,2.0639414712916e-06,-0.00010756787770612021,-2.1581601906261292e-05,0.17259439098311963,-4.4189508235476734e-05,-9.732015732591636e-06,0.5283583573241617,0.00014135694702717988,4.338769442824735e-05
81,True,0.8200000000000006,2.109100253239128,False,True,0.0,False,,-0.15,0.4918581158485796,-0.3823772561231334,-0.04542738778530053,0.9058604666992055,-0.3101660679637725,1.2411976464764207,0.34985485859526516,0.0,0.0,0.0,0.17,0.0,0.0,0.52333,0.0,0.0,-0.15,0.4918581158485796,-0.3823772561231334,-0.04542738778530053,0.9058604666992055,-0.3101660679637725,1.2411976464764207,0.34985485859526516,0.0,0.0,0.0,0.17,0.0,0.0,0.52333,0.0,0.0,-0.16978508703944598,0.5249101190316561,-0.36241143546438026,-0.007374456456363616,1.0052544444589242,-0.3053065870345508,1.332715246433325,0.37547410472256887,2.0759797580723016e-06,-0.00010767067939962188,-2.1708912659517326e-05,0.17259731419944338,-4.413993927474556e-05,-9.794710935965025e-06,0.5283613063863196,0.00014211551174410158,4.361050303048618e-05
82,True,0.8300000000000006,2.752307832871919,False,True,0.0,False,,-0.15,0.47891448122098546,-0.3916052230672614,-0.05962561442252945,0.8687386123123845,-0.3125301188068311,1.208534550516515,0.34064815179012664,0.0,0.0,0.0,0.17,0.0,0.0,0.52333,0.0,0.0,-0.15,0.47891448122098546,-0.3916052230672614,-0.05962561442252945,0.8687386123123845,-0.3125301188068311,1.208534550516515,0.34064815179012664,0.0,0.0,0.0,0.17,0.0,0.0,0.52333,0.0,0.0,-0.16977869518959077,0.517590206252454,-0.36745520922110464,-0.015449193886946636,0.9839903537907577,-0.30654989899255464,1.31441842051379,0.3704241894010908,2.087815760693189e-06,-0.0001077410171276019,-2.1827937415910754e-05,0.17260019061663914,-4.406319967817293e-05,-9.850829080743241e-06,0.5283642090647892,0.0001428746996869135,4.38332460836124e-05
83,True,0.8400000000000006,3.675808857009082,False,True,0.0,False,,-0.15,0.4659708465933912,-0.4008331900113895,-0.07382384105975837,0.8316167579255634,-0.3148941696498897,1.1758714545566094,0.3314414449849881,0.0,0.0,0.0,0.17,0.0,0.0,0.52333,0.0,0.0,-0.15,0.4659708465933912,-0.4008331900113895,-0.07382384105975837,0.8316167579255634,-0.3148941696498897,1.1758714545566094,0.3314414449849881,0.0,0.0,0.0,0.17,0.0,0.0,0.52333,0.0,0.0,-0.16977591857472238,0.5089323106434682,-0.3734845436234769,-0.02497347975080778,0.9590472204356187,-0.3080527456303466,1.2927792118313786,0.3644123453698993,2.099452632387829e-06,-0.00010773347670715883,-2.1926879909167423e-05,0.1726030241962324,-4.391768884827392e-05,-9.88947080215444e-06,0.5283670736602198,0.00014365653470011302,4.406352534076528e-05
84,True,0.8500000000000006,4.9379284109787145,False,True,0.0,False,,-0.15,0.4530272119657971,-0.41006115695551754,-0.08802206769698723,0.7944949035387424,-0.31725822049294833,1.1432083585967037,0.3222347381798496,0.0,0.0,0.0,0.17,0.0,0.0,0.52333,0.0,0.0,-0.15,0.4530272119657971,-0.41006115695551754,-0.08802206769698723,0.7944949035387424,-0.31725822049294833,1.1432083585967037,0.3222347381798496,0.0,0.0,0.0,0.17,0.0,0.0,0.52333,0.0,0.0,-0.1697748945569162,0.4992104616041679,-0.38030660440758346,-0.035650483384079015,0.9311843539872287,-0.3097673621567201,1.268469580942108,0.3576291609334145,2.110893718371464e-06,-0.00010765118322580438,-2.2006375881942734e-05,0.17260581550551646,-4.3706199457871136e-05,-9.911194750736978e-06,0.5283699004939307,0.00014445988820018814,4.4301026324554104e-05
85,True,0.8600000000000007,6.240613461798382,False,False,0.0,False,,-0.15,0.4400835773382028,-0.4192891238996457,-0.10222029433421631,0.7573730491519207,-0.31962227133600696,1.1105452626367975,0.31302803137471097,0.0,0.0,0.0,0.17,0.0,0.0,0.52333,0.0,0.0,-0.15,0.4400835773382028,-0.4192891238996457,-0.10222029433421631,0.7573730491519207,-0.31962227133600696,1.1105452626367975,0.31302803137471097,0.0,0.0,0.0,0.17,0.0,0.0,0.52333,0.0,0.0,-0.16977496814013293,0.4886614564814194,-0.3877500499110979,-0.04722446760243021,0.9010511244349677,-0.3116502943014403,1.2420767873189402,0.35024311693928545,2.1221423773937317e-06,-0.00010751145962849742,-2.2070599985393905e-05,0.17260856411020167,-4.344453222990926e-05,-9.919824979650367e-06,0.5283726875376292,0.0001452767758980864,4.4543133429593245e-05
86,True,0.8700000000000007,6.240626910106926,False,False,0.0,False,,-0.15,0.4271399427106087,-0.4285170908437737,-0.11641852097144517,0.7202511947650997,-0.3219863221790656,1.0778821666768919,0.30382132456957245,0.0,0.0,0.0,0.17,0.0,0.0,0.52333,0.0,0.0,-0.15,0.4271399427106087,-0.4285170908437737,-0.11641852097144517,0.7202511947650997,-0.3219863221790656,1.0778821666768919,0.30382132456957245,0.0,0.0,0.0,0.17,0.0,0.0,0.52333,0.0,0.0,-0.16977590205712162,0.47747962680142064,-0.3956718754217949,-0.05948595729942783,0.869176253491631,-0.31366478212033433,1.2140854029503698,0.3423941075497424,2.133201916043001e-06,-0.0001073325188017924,-2.2123899747202014e-05,0.17261126950180744,-4.3149317767704236e-05,-9.919347771967038e-06,0.5283754326010149,0.0001460987305325587,4.4787090465498465e-05
87,True,0.8800000000000007,6.240640141945527,False,False,0.0,False,,-0.15,0.41419630808301444,-0.4377450577879018,-0.1306167476086741,0.6831293403782787,-0.3243503730221242,1.0452190707169862,0.2946146177644339,0.0,0.0,0.0,0.17,0.0,0.0,0.52333,0.0,0.0,-0.15,0.41419630808301444,-0.4377450577879018,-0.1306167476086741,0.6831293403782787,-0.3243503730221242,1.0452190707169862,0.2946146177644339,0.0,0.0,0.0,0.17,0.0,0.0,0.52333,0.0,0.0,-0.16977759461657335,0.46581933750820265,-0.4039571803658293,-0.07226868835257376,0.8359776521974197,-0.3157809666682251,1.1848814193522739,0.33419395372144484,2.1440755725390546e-06,-0.00010712962050102121,-2.2169882768297752e-05,0.17261393136763772,-4.283449043976136e-05,-9.91306897934539e-06,0.5283781339705843,0.0001469186725197685,4.5030609489220636e-05
88,True,0.8900000000000007,6.240653157012982,False,False,0.0,False,,-0.15,0.4012526734554203,-0.4469730247320298,-0.14481497424590295,0.6460074859914576,-0.3267144238651828,1.0125559747570805,0.28540791095929535,0.0,0.0,0.0,0.17,0.0,0.0,0.52333,0.0,0.0,-0.15,0.4012526734554203,-0.4469730247320298,-0.14481497424590295,0.6460074859914576,-0.3267144238651828,1.0125559747570805,0.28540791095929535,0.0,0.0,0.0,0.17,0.0,0.0,0.52333,0.0,0.0,-0.16977998193340985,0.45380053330206704,-0.4125159358085699,-0.08544342738490884,0.801779418646064,-0.317975179871399,1.1547652218459026,0.325729822108524,2.1547665151536516e-06,-0.00010691430303850438,-2.2211261484001543e-05,0.17261654964580694,-4.2510578905292604e-05,-9.903470096743249e-06,0.5283807905405107,0.00014773129864425167,4.527198580132186e-05
89,True,0.9000000000000007,6.240665953307446,False,False,0.0,False,,-0.15,0.388309038827826,-0.45620099167615796,-0.15901320088313203,0.6088856316046359,-0.3290784747082415,0.9798928787971743,0.2762012041541567,0.0,0.0,0.0,0.17,0.0,0.0,0.52333,0.0,0.0,-0.15,0.388309038827826,-0.45620099167615796,-0.15901320088313203,0.6088856316046359,-0.3290784747082415,0.9798928787971743,0.2762012041541567,0.0,0.0,0.0,0.17,0.0,0.0,0.52333,0.0,0.0,-0.1697849120999275,0.44151504909121725,-0.42127870907968984,-0.09891112444871444,0.7668297217316115,-0.3202289256995074,1.1239667323489184,0.3170684677329442,2.1652778922673385e-06,-0.00010670301682307777,-2.2252208274968035e-05,0.17261912393221376,-4.2192582173663734e-05,-9.894376753572261e-06,0.5283834004167343,0.00014852902156475497,4.550864840898215e-05
90,True,0.9100000000000007,6.240678531011222,False,False,0.0,False,,-0.15,0.37536540420023184,-0.465428958620286,-0.1732114275203609,0.5717637772178149,-0.33144252555130005,0.9472297828372687,0.2669944973490182,0.0,0.0,0.0,0.17,0.0,0.0,0.52333,0.0,0.0,-0.15,0.37536540420023184,-0.465428958620286,-0.1732114275203609,0.5717637772178149,-0.33144252555130005,0.9472297828372687,0.2669944973490182,0.0,0.0,0.0,0.17,0.0,0.0,0.52333,0.0,0.0,-0.16979443927551935,0.42903232477262226,-0.4301927350257226,-0.11259670461632008,0.7313169239718268,-0.3225279245314026,1.0926600110721099,0.3082603936193488,2.175612766507096e-06,-0.0001065057154274589,-2.2295238194575588e-05,0.17262165426231293,-4.1889548612046184e-05,-9.888085565600885e-06,0.5283859627524181,0.00014930737351630735,4.573908885884099e-05
91,True,0.9200000000000007,6.240690892654578,False,False,0.0,False,,-0.15,0.36242176957263766,-0.474656925564414,-0.1874096541575898,0.5346419228309939,-0.3338065763943587,0.9145666868773629,0.2577877905438797,0.0,0.0,0.0,0.17,0.0,0.0,0.52333,0.0,0.0,-0.15,0.36242176957263766,-0.474656925564414,-0.1874096541575898,0.5346419228309939,-0.3338065763943587,0.9145666868773629,0.2577877905438797,0.0,0.0,0.0,0.17,0.0,0.0,0.52333,0.0,0.0,-0.16981047765067994,0.41640439321653333,-0.4392183267017833,-0.1264437136076971,0.6953831320995457,-0.3248612301337869,1.060975745792172,0.2993434660442181,2.1857741113851765e-06,-0.00010632534711372285,-2.2341055425943473e-05,0.17262414114409616,-4.160410701771892e-05,-9.885221416614987e-06,0.5283884778234623,0.00015006526097994667,4.59629572677202e-05
92,True,0.9300000000000007,6.240703043225896,False,False,0.0,False,,-0.15,0.34947813494504354,-0.48388489250854205,-0.20160788079481867,0.49752006844417285,-0.3361706272374173,0.8819035909174573,0.24858108373874116,0.0,0.0,0.0,0.17,0.0,0.0,0.52333,0.0,0.0,-0.15,0.34947813494504354,-0.48388489250854205,-0.20160788079481867,0.49752006844417285,-0.3361706272374173,0.8819035909174573,0.24858108373874116,0.0,0.0,0.0,0.17,0.0,0.0,0.52333,0.0,0.0,-0.16983369319066863,0.403669955787091,-0.4483258832174457,-0.14040995788651275,0.6591350919754696,-0.327220498199843,1.0290114880492613,0.2903458931743842,2.195764809797158e-06,-0.00010615750914800177,-2.2388444724792504e-05,0.17262658558028032,-4.133215227509953e-05,-9.884637446763689e-06,0.528390947081482,0.00015080512734179214,4.61811262252702e-05
93,True,0.9400000000000007,6.2407149885322255,False,False,0.0,False,,-0.15,0.33653450031744925,-0.49311285945267025,-0.21580610743204776,0.46039821405735126,-0.33853467808047594,0.8492404949575512,0.23937437693360253,0.0,0.0,0.0,0.17,0.0,0.0,0.52333,0.0,0.0,-0.15,0.33653450031744925,-0.49311285945267025,-0.21580610743204776,0.46039821405735126,-0.33853467808047594,0.8492404949575512,0.23937437693360253,0.0,0.0,0.0,0.17,0.0,0.0,0.52333,0.0,0.0,-0.1698636694825185,0.3908576739890282,-0.4574934181209043,-0.15446401992911554,0.6226527496558666,-0.32959938194951816,0.9968396990883702,0.2812885771602888,2.2055876823992923e-06,-0.00010599525261860079,-2.2435556483797852e-05,0.17262898873837818,-4.106724052056064e-05,-9.884600425229102e-06,0.5283933723790608,0.00015153065852562285,4.6394884239217684e-05
94,True,0.9500000000000007,6.24072673424366,False,False,0.0,False,,-0.15,0.323590865689855,-0.5023408263967983,-0.23000433406927667,0.4232763596705301,-0.34089872892353457,0.8165773989976454,0.23016767012846395,0.0,0.0,0.0,0.17,0.0,0.0,0.52333,0.0,0.0,-0.15,0.323590865689855,-0.5023408263967983,-0.23000433406927667,0.4232763596705301,-0.34089872892353457,0.8165773989976454,0.23016767012846395,0.0,0.0,0.0,0.17,0.0,0.0,0.52333,0.0,0.0,-0.16989924067888543,0.3779887090519185,-0.46670464092722386,-0.1685825617284501,0.585995854581991,-0.3319930497509563,0.9645139944927668,0.27218693945012246,2.215245504664727e-06,-0.00010583189098390482,-2.2480646715895373e-05,0.17263135175840644,-4.0803164341482536e-05,-9.883474487681537e-06,0.5283957555186916,0.0001522454230837858,4.6605463246494385e-05
95,True,0.9600000000000007,6.240738285547678,False,False,0.0,False,,-0.15,0.3106472310622609,-0.5115687933409263,-0.24420256070650553,0.3861545052837091,-0.34326277976659314,0.7839143030377397,0.22096096332332546,0.0,0.0,0.0,0.17,0.0,0.0,0.52333,0.0,0.0,-0.15,0.3106472310622609,-0.5115687933409263,-0.24420256070650553,0.3861545052837091,-0.34326277976659314,0.7839143030377397,0.22096096332332546,0.0,0.0,0.0,0.17,0.0,0.0,0.52333,0.0,0.0,-0.16993876030123506,0.3650786463705375,-0.4759474905451183,-0.1827482712241941,0.5492090016910104,-0.3343978227746033,0.9320739343976693,0.2630523219097441,2.224741013711355e-06,-0.000105662019891818,-2.252233458940674e-05,0.17263367568329052,-4.053489362715975e-05,-9.879960186958085e-06,0.5283980980904002,0.00015295236157953867,4.681386661420502e-05
96,True,0.9700000000000008,6.240749647058178,False,False,0.0,False,,-0.15,0.2977035964346666,-0.5207967602850545,-0.25840078734373456,0.3490326508968875,-0.34562683060965177,0.7512512070778335,0.2117542565181868,0.0,0.0,0.0,0.17,0.0,0.0,0.52333,0.0,0.0,-0.15,0.2977035964346666,-0.5207967602850545,-0.25840078734373456,0.3490326508968875,-0.34562683060965177,0.7512512070778335,0.2117542565181868,0.0,0.0,0.0,0.17,0.0,0.0,0.52333,0.0,0.0,-0.1699803134124618,0.3521389514744382,-0.4852130463440866,-0.19694831772308455,0.512325449385554,-0.3368108924816276,0.8995486378418404,0.2538930484484699,2.234076910752056e-06,-0.00010548178579173051,-2.2559661281026775e-05,0.1726359614405734,-4.0258827989083885e-05,-9.873150024278397e-06,0.5284004014299948,0.00015365363908337985,4.702082365780505e-05
97,True,0.9800000000000008,6.2407608228323195,False,False,0.0,False,,-0.15,0.2847599618070724,-0.5300247272291825,-0.2725990139809634,0.3119107965100665,-0.3479908814527104,0.718588111117928,0.2025475497130483,0.0,0.0,0.0,0.17,0.0,0.0,0.52333,0.0,0.0,-0.15,0.2847599618070724,-0.5300247272291825,-0.2725990139809634,0.3119107965100665,-0.3479908814527104,0.718588111117928,0.2025475497130483,0.0,0.0,0.0,0.17,0.0,0.0,0.52333,0.0,0.0,-0.17002187966417615,0.3391780516836306,-0.4944947015808256,-0.21117318696649082,0.4753699945550778,-0.33923010951005267,0.8669595071085148,0.2447152160281101,2.2432558615990696e-06,-0.00010528883601135189,-2.2592067255700205e-05,0.17263820984578965,-3.997275574800358e-05,-9.862508341556367e-06,0.5284026666280165,0.00015435065608993895,4.722679803862201e-05
98,True,0.9900000000000008,6.2407718164262045,False,False,0.0,False,,-0.15,0.27181632717947823,-0.5392526941733106,-0.2867972406181924,0.27478894212324534,-0.35035493229576903,0.6859250151580222,0.19334084290790973,0.0,0.0,0.0,0.17,0.0,0.0,0.52333,0.0,0.0,-0.15,0.27181632717947823,-0.5392526941733106,-0.2867972406181924,0.27478894212324534,-0.35035493229576903,0.6859250151580222,0.19334084290790973,0.0,0.0,0.0,0.17,0.0,0.0,0.52333,0.0,0.0,-0.1700614536530573,0.3262021369423464,-0.5037875605197567,-0.22541581937143165,0.43836112191774546,-0.34165382672725114,0.8343222612011667,0.23552328640969422,2.252280496354731e-06,-0.00010508215215047231,-2.26193409577367e-05,0.172640421613679,-3.967570425688712e-05,-9.847824464766383e-06,0.5284048945567681,0.0001550441208553714,4.743201637679282e-05
99,True,1.0000000000000007,6.240782630974658,False,False,0.0,False,,-0.15,0.2588726925518841,-0.5484806611174385,-0.30099546725542126,0.2376670877364243,-0.3527189831388276,0.6532619191981165,0.18413413610277124,0.0,0.0,0.0,0.17,0.0,0.0,0.52333,0.0,0.0,-0.15,0.2588726925518841,-0.5484806611174385,-0.30099546725542126,0.2376670877364243,-0.3527189831388276,0.6532619191981165,0.18413413610277124,0.0,0.0,0.0,0.17,0.0,0.0,0.52333,0.0,0.0,-0.17009713115970268,0.313215760116033,-0.5130879855852359,-0.2396709643901582,0.40131261701469206,-0.34408077196287623,0.8016484413080289,0.22632052580494966,2.2611534086666776e-06,-0.00010486181418408643,-2.2641552857614397e-05,0.1726425973742221,-3.936772510202373e-05,-9.829152024202185e-06,0.5284070859082903,0.00015573415971185812,4.7636508358116706e-05
100,True,1.0100000000000007,6.24079326873984,False,False,0.0,False,,-0.15,0.2459290579242898,-0.5577086280615667,-0.3151936938926503,0.20054523334960273,-0.35508303398188623,0.6205988232382104,0.17492742929763258,0.0,0.0,0.0,0.17,0.0,0.0,0.52333,0.0,0.0,-0.15,0.2459290579242898,-0.5577086280615667,-0.3151936938926503,0.20054523334960273,-0.35508303398188623,0.6205988232382104,0.17492742929763258,0.0,0.0,0.0,0.17,0.0,0.0,0.52333,0.0,0.0,-0.17012741397222808,0.30022228765886977,-0.5223932338649596,-0.2539346955183471,0.3642347738610824,-0.34650995324471506,0.7689465050473034,0.217109318446685,2.2698771637662856e-06,-0.0001046303177648607,-2.2659412354863394e-05,0.17264473758179846,-3.905109586774698e-05,-9.807137529485853e-06,0.5284092409807359,0.0001564196981123336,4.7839886772260576e-05
101,True,1.0200000000000007,6.240803730590409,False,False,0.0,False,,-0.15,0.2329854232966956,-0.5669365950056948,-0.3293919205298792,0.1634233789627817,-0.35744708482494486,0.5879357272783047,0.16572072249249406,0.0,0.0,0.0,0.17,0.0,0.0,0.52333,0.0,0.0,-0.15,0.2329854232966956,-0.5669365950056948,-0.3293919205298792,0.1634233789627817,-0.35744708482494486,0.5879357272783047,0.16572072249249406,0.0,0.0,0.0,0.17,0.0,0.0,0.52333,0.0,0.0,-0.17015199480940546,0.28722423463940727,-0.531701196404546,-0.26820405068208736,0.32713529023509286,-0.34894057945079676,0.7362226106993314,0.20789139755364816,2.2784543069789447e-06,-0.00010439409348630629,-2.267467752686281e-05,0.17264684241037084,-3.873170334164044e-05,-9.78339699184022e-06,0.5284113594299732,0.00015709775278871383,4.804109633711321e-05
102,True,1.0300000000000007,6.2408140173155955,False,False,0.0,False,,-0.15,0.22004178866910148,-0.5761645619498228,-0.34359014716710806,0.12630152457596067,-0.3598111356680035,0.555272631318399,0.15651401568735554,0.0,0.0,0.0,0.17,0.0,0.0,0.52333,0.0,0.0,-0.15,0.22004178866910148,-0.5761645619498228,-0.34359014716710806,0.12630152457596067,-0.3598111356680035,0.555272631318399,0.15651401568735554,0.0,0.0,0.0,0.17,0.0,0.0,0.52333,0.0,0.0,-0.17017133555630187,0.274223467451975,-0.5410102712906433,-0.2824767948538825,0.29001993114228425,-0.35137202526440686,0.7034812832526876,0.1986680361040278,2.2868873419060083e-06,-0.00010415965024610832,-2.2689113970343392e-05,0.1726489120179223,-3.841551470092616e-05,-9.759555173959814e-06,0.5284134408891854,0.0001577652763783365,4.8239065938387675e-05
103,True,1.0400000000000007,6.24082413047649,False,False,0.0,False,,-0.15,0.20709815404150733,-0.5853925288939508,-0.3577883738043369,0.08917967018913953,-0.36217518651106206,0.5226095353584933,0.14730730888221702,0.0,0.0,0.0,0.17,0.0,0.0,0.52333,0.0,0.0,-0.15,0.20709815404150733,-0.5853925288939508,-0.3577883738043369,0.08917967018913953,-0.36217518651106206,0.5226095353584933,0.14730730888221702,0.0,0.0,0.0,0.17,0.0,0.0,0.52333,0.0,0.0,-0.17018627356768884,0.2612213584490189,-0.5503192758677034,-0.2967512497710203,0.2528930199713309,-0.3538038059282456,0.6707259011627547,0.18944018157002002,2.295178716495955e-06,-0.00010393107687429242,-2.27038235179295e-05,0.1726509467178082,-3.8106288411012416e-05,-9.73662553139071e-06,0.5284154853692995,0.00015842036124589538,4.8433132476506865e-05
104,True,1.0500000000000007,6.240834072297138,False,False,0.0,False,,-0.15,0.194154519413913,-0.594620495838079,-0.37198660044156606,0.05205781580231794,-0.36453923735412075,0.4899464393985872,0.13810060207707836,0.0,0.0,0.0,0.17,0.0,0.0,0.52333,0.0,0.0,-0.15,0.194154519413913,-0.594620495838079,-0.37198660044156606,0.05205781580231794,-0.36453923735412075,0.4899464393985872,0.13810060207707836,0.0,0.0,0.0,0.17,0.0,0.0,0.52333,0.0,0.0,-0.1701976422867075,0.24821891441483346,-0.5596273358985073,-0.3110261468491317,0.2157578074260826,-0.35623553919230433,0.6379590119132371,0.18020854881455245,2.30333082570234e-06,-0.00010371035988361326,-2.2719340181073378e-05,0.17265294695682784,-3.780585830007691e-05,-9.71509743993414e-06,0.5284174932063171,0.0001590621081080296,4.862298912051144e-05
105,True,1.0600000000000007,6.2408438459895565,False,False,0.0,False,,-0.15,0.18121088478631883,-0.603848462782207,-0.3861848270787949,0.014935961415496912,-0.3669032881971793,0.45728334343868143,0.12889389527193984,0.0,0.0,0.0,0.17,0.0,0.0,0.52333,0.0,0.0,-0.15,0.18121088478631883,-0.603848462782207,-0.3861848270787949,0.014935961415496912,-0.3669032881971793,0.45728334343868143,0.12889389527193984,0.0,0.0,0.0,0.17,0.0,0.0,0.52333,0.0,0.0,-0.17020590050135395,0.23521686824239174,-0.5689338287106648,-0.3253005305355339,0.17861674479783246,-0.3586669258920455,0.6051825815363294,0.17097368895653395,2.3113460067050783e-06,-0.00010349643732369061,-2.273537570054709e-05,0.17265491338065111,-3.751326793443318e-05,-9.694701442124891e-06,0.528419465214,0.0001596910774180802,4.880884454972733e-05
106,True,1.0700000000000007,6.240853454177049,False,False,0.0,False,,-0.15,0.1682672501587247,-0.613076429726335,-0.4003830537160238,-0.022185892971324117,-0.36926733904023795,0.4246202474787758,0.11968718846680132,0.0,0.0,0.0,0.17,0.0,0.0,0.52333,0.0,0.0,-0.15,0.1682672501587247,-0.613076429726335,-0.4003830537160238,-0.022185892971324117,-0.36926733904023795,0.4246202474787758,0.11968718846680132,0.0,0.0,0.0,0.17,0.0,0.0,0.52333,0.0,0.0,-0.17021165106076036,0.2222157871584092,-0.5782382514515804,-0.33957364489032765,0.14147169462187345,-0.3610977151553077,0.5723980805165269,0.16173601815548552,2.3192265660486783e-06,-0.00010328982057194747,-2.2752074492947047e-05,0.17265684651648783,-3.7228990416055074e-05,-9.675565405066827e-06,0.5284214019376365,0.00016030710561848975,4.899064636180591e-05
107,True,1.0800000000000007,6.240862899967863,False,False,0.0,False,,-0.15,0.15532361553113053,-0.6223043966704631,-0.4145812803532527,-0.05930774735814526,-0.3716313898832966,0.39195715151887006,0.11048048166166279,0.0,0.0,0.0,0.17,0.0,0.0,0.52333,0.0,0.0,-0.15,0.15532361553113053,-0.6223043966704631,-0.4145812803532527,-0.05930774735814526,-0.3716313898832966,0.39195715151887006,0.11048048166166279,0.0,0.0,0.0,0.17,0.0,0.0,0.52333,0.0,0.0,-0.17021525352711725,0.20921609895540916,-0.5875402200364388,-0.3538448988090182,0.1043240772363566,-0.3635276986315284,0.5396066635550543,0.15249586585185887,2.3269747622407946e-06,-0.00010308945800657219,-2.276916006398706e-05,0.17265874698917189,-3.695206605798568e-05,-9.657428374030517e-06,0.5284233041613243,0.00016091078196429844,4.9168607339015865e-05
108,True,1.0900000000000007,6.240872187465278,False,False,0.0,False,,-0.15,0.1423799809035362,-0.6315323636145913,-0.42877950699048173,-0.09642960174496679,-0.3739954407263552,0.359294055558964,0.10127377485652415,0.0,0.0,0.0,0.17,0.0,0.0,0.52333,0.0,0.0,-0.15,0.1423799809035362,-0.6315323636145913,-0.42877950699048173,-0.09642960174496679,-0.3739954407263552,0.359294055558964,0.10127377485652415,0.0,0.0,0.0,0.17,0.0,0.0,0.52333,0.0,0.0,-0.1702162885793042,0.19621811773330375,-0.5968394749937864,-0.36811383925045044,0.06717497995577754,-0.36595670985965617,0.5068092842711769,0.14325350848924281,2.3345927982208723e-06,-0.00010289124525361339,-2.278553196792365e-05,0.17266061562383556,-3.667874422731671e-05,-9.639269703459922e-06,0.5284251731502513,0.00016150414737822218,4.934345368308771e-05
109,True,1.1000000000000008,6.240881321063162,False,False,0.0,False,,-0.15,0.12943634627594205,-0.6407603305587193,-0.44297773362771065,-0.13355145613178787,-0.37635949156941384,0.32663095959905825,0.09206706805138562,0.0,0.0,0.0,0.17,0.0,0.0,0.52333,0.0,0.0,-0.15,0.12943634627594205,-0.6407603305587193,-0.44297773362771065,-0.13355145613178787,-0.37635949156941384,0.32663095959905825,0.09206706805138562,0.0,0.0,0.0,0.17,0.0,0.0,0.52333,0.0,0.0,-0.17021349620694437,0.18322208444042715,-0.606135819931049,-0.3823801011842578,0.03002524271311463,-0.3683846036204507,0.47400672590530496,0.1340091778767902,2.3420828343851346e-06,-0.00010269009588777001,-2.2799827399966866e-05,0.172662453304119,-3.6404378900321314e-05,-9.619827479863148e-06,0.5284270103192296,0.00016208970277995318,4.951607342296176e-05
110,True,1.1100000000000008,6.240890303029857,False,False,0.0,False,,-0.15,0.1164927116483479,-0.6499882975028474,-0.4571759602649395,-0.17067331051860896,-0.3787235424124724,0.29396786363915256,0.08286036124624709,0.0,0.0,0.0,0.17,0.0,0.0,0.52333,0.0,0.0,-0.15,0.1164927116483479,-0.6499882975028474,-0.4571759602649395,-0.17067331051860896,-0.3787235424124724,0.29396786363915256,0.08286036124624709,0.0,0.0,0.0,0.17,0.0,0.0,0.52333,0.0,0.0,-0.1702062760353111,0.17022824476229442,-0.6154289999105971,-0.39664334130158596,-0.007124467614432245,-0.37081122173845926,0.44119952930400297,0.12476303974204735,2.3494470294918675e-06,-0.00010248702376526773,-2.281233235435053e-05,0.17266426048589847,-3.612989983492903e-05,-9.599360105456573e-06,0.5284288160895503,0.00016266704730973184,4.9686326643537575e-05
111,True,1.1200000000000008,6.2408991369792215,False,False,0.0,False,,-0.15,0.10354907702075375,-0.6592162644469753,-0.47137418690216837,-0.20779516490542999,-0.38108759325553104,0.2613047676792469,0.07365365444110857,0.0,0.0,0.0,0.17,0.0,0.0,0.52333,0.0,0.0,-0.15,0.10354907702075375,-0.6592162644469753,-0.47137418690216837,-0.20779516490542999,-0.38108759325553104,0.2613047676792469,0.07365365444110857,0.0,0.0,0.0,0.17,0.0,0.0,0.52333,0.0,0.0,-0.17019317718933252,0.15723677817996753,-0.6247188524846663,-0.41090328965294987,-0.04427362875106732,-0.3732364370084853,0.40838820543065074,0.11551525430356842,2.356687483485069e-06,-0.00010227898551547725,-2.282222538791139e-05,0.17266603789588492,-3.585254152954027e-05,-9.577107700165951e-06,0.5284305915320017,0.00016323766867890548,4.9854748824547475e-05
112,True,1.1300000000000008,6.240907825975728,False,False,0.0,False,,-0.15,0.09060544239315942,-0.6684442313911035,-0.4855724135393975,-0.24491701929225157,-0.3834516440985897,0.22864167171934072,0.06444694763596992,0.0,0.0,0.0,0.17,0.0,0.0,0.52333,0.0,0.0,-0.15,0.09060544239315942,-0.6684442313911035,-0.4855724135393975,-0.24491701929225157,-0.3834516440985897,0.22864167171934072,0.06444694763596992,0.0,0.0,0.0,0.17,0.0,0.0,0.52333,0.0,0.0,-0.17017251973015027,0.1442478484263726,-0.6340052088864869,-0.42515970688492966,-0.08142182342994352,-0.3756601220290232,0.37557316838580285,0.10626595710582426,2.3638062701380535e-06,-0.00010206442867042169,-2.2829083541751168e-05,0.17266778615022682,-3.557091141035884e-05,-9.552680003361175e-06,0.5284323374720187,0.0001638023162147515,5.002161723950288e-05
113,True,1.1400000000000008,6.240916373398823,False,False,0.0,False,,-0.15,0.07766180776556526,-0.6776721983352315,-0.49977064017662637,-0.28203887367907265,-0.3858156949416483,0.19597857575943503,0.05524024083083139,0.0,0.0,0.0,0.17,0.0,0.0,0.52333,0.0,0.0,-0.15,0.07766180776556526,-0.6776721983352315,-0.49977064017662637,-0.28203887367907265,-0.3858156949416483,0.19597857575943503,0.05524024083083139,0.0,0.0,0.0,0.17,0.0,0.0,0.52333,0.0,0.0,-0.17014202611423418,0.13126158900880838,-0.6432879395629482,-0.4394123898490152,-0.11856871554193091,-0.37808216094772035,0.34275480061781727,0.09701527585811087,2.3708054233255195e-06,-0.00010184076597535076,-2.2832193252358056e-05,0.17266950592850527,-3.5282688264331465e-05,-9.525422430931971e-06,0.5284340548996987,0.00016436218104681224,5.0187372777386e-05
114,True,1.1500000000000008,6.240924781879901,False,False,0.0,False,,-0.15,0.06471817313797111,-0.6869001652793596,-0.5139688668138552,-0.3191607280658937,-0.38817974578470693,0.16331547979952935,0.04603353402569287,0.0,0.0,0.0,0.17,0.0,0.0,0.52333,0.0,0.0,-0.15,0.06471817313797111,-0.6869001652793596,-0.5139688668138552,-0.3191607280658937,-0.38817974578470693,0.16331547979952935,0.04603353402569287,0.0,0.0,0.0,0.17,0.0,0.0,0.52333,0.0,0.0,-0.1700993192848967,0.11827813213274406,-0.6525668962179183,-0.45366114996467566,-0.15571402932799014,-0.38050243262238415,0.3099334091392912,0.08776331975017934,2.377686955480602e-06,-0.00010160749039333544,-2.283139317955688e-05,0.17267119775975867,-3.4987469873320986e-05,-9.495193263129966e-06,0.528435744468053,0.00016491741456896175,5.03520948941292e-05
115,True,1.1600000000000008,6.240933054844983,False,False,0.0,False,,-0.15,0.051774538510376784,-0.6961281322234878,-0.5281670934510844,-0.35628258245271527,-0.39054379662776556,0.13065238383962322,0.03682682722055422,0.0,0.0,0.0,0.17,0.0,0.0,0.52333,0.0,0.0,-0.15,0.051774538510376784,-0.6961281322234878,-0.5281670934510844,-0.35628258245271527,-0.39054379662776556,0.13065238383962322,0.03682682722055422,0.0,0.0,0.0,0.17,0.0,0.0,0.52333,0.0,0.0,-0.17004106797697058,0.10529757521658802,-0.6618419874960351,-0.4679058338776639,-0.1928575423870491,-0.3829208286674481,0.27710932169127583,0.07851020448947513,2.3844528324431784e-06,-0.00010136165866754979,-2.282584700880507e-05,0.17267286233297185,-3.468265424628308e-05,-9.46123406243969e-06,0.5284374072248433,0.00016546924899778407,5.051625689042983e-05
116,True,1.1700000000000008,6.240941194268841,False,False,0.0,False,,-0.15,0.03883090388278263,-0.7053560991676158,-0.5423653200883132,-0.39340443683953635,-0.39290784747082413,0.09798928787971752,0.027620120415415696,0.0,0.0,0.0,0.17,0.0,0.0,0.52333,0.0,0.0,-0.15,0.03883090388278263,-0.7053560991676158,-0.5423653200883132,-0.39340443683953635,-0.39290784747082413,0.09798928787971752,0.027620120415415696,0.0,0.0,0.0,0.17,0.0,0.0,0.52333,0.0,0.0,-0.16996415931271885,0.09232003189895016,-0.6711130736821984,-0.4821462871678096,-0.22999906299478665,-0.38533723134776005,0.24428277352937874,0.06925602154299557,2.3911050113620227e-06,-0.00010110446634319315,-2.2815822911670292e-05,0.17267450004506746,-3.4369446389442204e-05,-9.423809733688042e-06,0.5284390435511684,0.00016601688058223558,5.0679620529446255e-05
117,True,1.1800000000000008,6.240949199969869,False,False,0.0,False,,-0.15,0.02588726925518848,-0.7145840661117439,-0.5565635467255421,-0.43052629122635744,-0.39527189831388276,0.06532619191981182,0.018413413610277173,0.0,0.0,0.0,0.17,0.0,0.0,0.52333,0.0,0.0,-0.15,0.02588726925518848,-0.7145840661117439,-0.5565635467255421,-0.43052629122635744,-0.39527189831388276,0.06532619191981182,0.018413413610277173,0.0,0.0,0.0,0.17,0.0,0.0,0.52333,0.0,0.0,-0.1698666970149087,0.07934564726245388,-0.6803799311930874,-0.49638233854161046,-0.26713842604627963,-0.38775150366356465,0.2114538772879023,0.06000082985510162,2.397645452758496e-06,-0.00010084331645162629,-2.2803249553941542e-05,0.17267611085895007,-3.405474663389987e-05,-9.38472059541938e-06,0.5284406528263205,0.00016655649201477763,5.084089072550017e-05
118,True,1.1900000000000008,6.240957071195943,False,False,0.0,False,,-0.15,0.012943634627594324,-0.7238120330558718,-0.570761773362771,-0.46764814561317847,-0.3976359491569414,0.03266309595990613,0.009206706805138647,0.0,0.0,0.0,0.17,0.0,0.0,0.52333,0.0,0.0,-0.15,0.012943634627594324,-0.7238120330558718,-0.570761773362771,-0.46764814561317847,-0.3976359491569414,0.03266309595990613,0.009206706805138647,0.0,0.0,0.0,0.17,0.0,0.0,0.52333,0.0,0.0,-0.1697477735986338,0.06637455949885349,-0.6896423443615651,-0.510613828595737,-0.30427549386648595,-0.3901635121686714,0.17862272378717775,0.050744682916066444,2.40407609448212e-06,-0.00010058717520604395,-2.2790457708082312e-05,0.17267769462270108,-3.374690422731983e-05,-9.34614179397352e-06,0.5284422341755716,0.00016708346401144702,5.099849994550519e-05
119,True,1.2000000000000008,6.240964807269272,False,False,0.0,False,,-0.15,0.0,-0.73304,-0.58496,-0.50477,-0.4,0.0,0.0,0.0,0.0,0.0,0.17,0.0,0.0,0.52333,0.0,0.0,-0.15,0.0,-0.73304,-0.58496,-0.50477,-0.4,0.0,0.0,0.0,0.0,0.0,0.17,0.0,0.0,0.52333,0.0,0.0,-0.1696072626514756,0.05340688354259259,-0.6989001338889207,-0.5248406202422223,-0.3414101515207378,-0.39257313967835694,0.14578942646373544,0.041487641049142335,2.410398841525409e-06,-0.00010034468058024173,-2.2779676392528677e-05,0.1726792511993678,-3.345398113752198e-05,-9.310157250605052e-06,0.5284437867726983,0.0001675932967841726,5.1150930338112046e-05
