scenario,mode,status,executed_frames,scored_frames,safe_distance_mm,control_dt_ms,minimum_distance_mm,collision_rate,margin_violation_rate,mean_modification_rad,fallback_rate,safety_runtime_p95_ms,collision_frames,margin_violation_frames,fallback_frames,nominal_sha256,error
open,off,complete,120,120,5.0,10.0,6.228385962484579,0.0,0.0,0.0,0.0,,0,0,0,f2ceab19f2c3214f8eddb56ac5a822c272d815e2168130464aae6d9a0ebc6ff2,
open,on,complete,120,120,5.0,10.0,6.228385962484579,0.0,0.0,3.7637823545931894e-08,0.0,27.90799725917168,0,0,0,f2ceab19f2c3214f8eddb56ac5a822c272d815e2168130464aae6d9a0ebc6ff2,
fist,off,complete,120,120,5.0,10.0,6.228385962484579,0.0,0.0,0.0,0.0,,0,0,0,c164628f245e038dfae2944409672ca91f574b15e42db378802441dec54bb03d,
fist,on,complete,120,120,5.0,10.0,6.228385962484579,0.0,0.0,0.018922706479119797,0.0,77.06560624646954,0,0,0,c164628f245e038dfae2944409672ca91f574b15e42db378802441dec54bb03d,
thumb_index_pinch,off,complete,120,120,5.0,10.0,0.9873536672265224,0.0,0.3416666666666667,0.0,0.0,,0,41,0,3aeb74435620b8dd44059bd1fec40f4a1579446b9297aec0ed7e07128a9c953e,
thumb_index_pinch,on,complete,120,120,5.0,10.0,5.725584527759845,0.0,0.0,0.03947285992395171,0.0,42.11580175033305,0,0,0,3aeb74435620b8dd44059bd1fec40f4a1579446b9297aec0ed7e07128a9c953e,
thumb_middle_pinch,off,complete,120,120,5.0,10.0,0.0,0.35833333333333334,0.43333333333333335,0.0,0.0,,43,52,0,20e468be75a708084c8ff8f86c0b13949a48978150a6f63571f3216c68caa6f9,
thumb_middle_pinch,on,complete,120,120,5.0,10.0,5.581909957950691,0.0,0.0,0.1257782009139302,0.0,43.031118088401854,0,0,0,20e468be75a708084c8ff8f86c0b13949a48978150a6f63571f3216c68caa6f9,
intentional_collision,off,complete,120,120,5.0,10.0,0.0,0.4666666666666667,0.6,0.0,0.0,,56,72,0,54f080336b9778aa58be0951a4c612a69bb18d77214cc8ea80dfa2a7b7a75651,
intentional_collision,on,complete,120,120,5.0,10.0,5.418146360521252,0.0,0.0,0.12559293062844448,0.0,44.88443779700901,0,0,0,54f080336b9778aa58be0951a4c612a69bb18d77214cc8ea80dfa2a7b7a75651,
spread,off,complete,120,120,5.0,10.0,6.228385962484579,0.0,0.0,0.0,0.0,,0,0,0,9cdcb9035484ff6c684b4e41a382fce8d373db0e327905dae1590e62ac37b6b8,
spread,on,complete,120,120,5.0,10.0,6.228385962484579,0.0,0.0,0.00013743360855752467,0.0,28.153172915335745,0,0,0,9cdcb9035484ff6c684b4e41a382fce8d373db0e327905dae1590e62ac37b6b8,
assembly_like_synthetic,off,complete,120,120,5.0,10.0,6.228385962484579,0.0,0.0,0.0,0.0,,0,0,0,0c7b013763b02e07b020544f170c913156b4109cbbf514c2c6a5a02838265bdf,
assembly_like_synthetic,on,complete,120,120,5.0,10.0,6.228385962484579,0.0,0.0,3.683707461466328e-07,0.0,28.311329495045356,0,0,0,0c7b013763b02e07b020544f170c913156b4109cbbf514c2c6a5a02838265bdf,
adaptive_analytical_replay,off,complete,120,120,5.0,10.0,3.2271777748490114,0.0,0.65,0.0,0.0,,0,78,0,01954c7638e45dc5b605b7e0db62a3f86e8f6808e218bfc0b767bd0cfb8895ed,
adaptive_analytical_replay,on,complete,120,120,5.0,10.0,5.431653252471563,0.0,0.0,0.39419483932785143,0.0,105.44873125909362,0,0,0,01954c7638e45dc5b605b7e0db62a3f86e8f6808e218bfc0b767bd0cfb8895ed,
index_middle_crossing,off,complete,600,600,5.0,10.0,0.0,0.41,0.4533333333333333,0.0,0.0,,246,272,0,f00786e2fe96eb780ab9df060e34153b3017e2700298dc62d8131c1c6a2507fd,
index_middle_crossing,on,complete,600,600,5.0,10.0,5.026953868625333,0.0,0.0,0.15378778431322787,0.0,57.40313335263636,0,0,0,f00786e2fe96eb780ab9df060e34153b3017e2700298dc62d8131c1c6a2507fd,
retarget-session-01,off,complete,440,440,5.0,10.0,0.0,0.09090909090909091,0.6090909090909091,0.0,0.0,,40,268,0,7331de6d51f85c36cf888d4742f997daf263b46f4732ad8c6b9e09e72c5701c7,
retarget-session-01,on,complete,440,440,5.0,10.0,5.151048479349533,0.0,0.0,0.2867280135002751,0.006818181818181818,96.33098063932263,0,0,3,7331de6d51f85c36cf888d4742f997daf263b46f4732ad8c6b9e09e72c5701c7,
retarget-session-02,off,complete,449,449,5.0,10.0,0.0,0.15367483296213807,0.48106904231625836,0.0,0.0,,69,216,0,b482144a9c0b187c08d19f0a5dd9d2e36eecc3c0210fb70a549c65dee18981e2,
retarget-session-02,on,complete,449,449,5.0,10.0,5.800565644501555,0.0,0.0,0.36416606139625607,0.0022271714922048997,103.80925837671383,0,0,1,b482144a9c0b187c08d19f0a5dd9d2e36eecc3c0210fb70a549c65dee18981e2,
retarget-session-03,off,complete,521,521,5.0,10.0,0.0,0.2495201535508637,0.5681381957773513,0.0,0.0,,130,296,0,ae6a9a817bcf4df0e42acbb70a41a0ef9ad5e8c04f5fa4aed96756d15cbf7e3a,
retarget-session-03,on,complete,521,521,5.0,10.0,5.237721406318401,0.0,0.0,0.22063923946461322,0.003838771593090211,93.95212499657646,0,0,2,ae6a9a817bcf4df0e42acbb70a41a0ef9ad5e8c04f5fa4aed96756d15cbf7e3a,
